商品コード,商品名,カテゴリ名,販売価格,更新日,在庫数,在庫インポートフラグ,在庫扱いの種別
000001,ぶりカマ,切身,390,2022/09/28 13:52:11,0,インポート可,在庫がないと注文できない
000002,銀だら尾の西京漬,漬魚,160,2018/12/15 02:20:11,0,インポート可,在庫がないと注文できない
000003,紅鮭甘塩カマしっぽ,切身,290,2018/12/15 02:20:11,999999744,インポート可,在庫数によらず注文を受ける
000201,ギアナ海老　小型,えび,620,2018/12/15 02:20:11,999999997,インポート可,在庫数によらず注文を受ける
000202,（生）むきえび,えび,529,2018/12/15 02:20:11,999999980,インポート可,在庫数によらず注文を受ける
000203,真あじ刺,刺身,368,2018/12/15 02:20:11,11,インポート可,在庫がないと注文できない
000204,鯛 刺,刺身,441,2018/12/15 02:20:11,999999995,インポート可,在庫数によらず注文を受ける
000205,まぐろたたき,まぐろ,447,2018/12/15 02:20:11,999999983,インポート可,在庫数によらず注文を受ける
000206,イクラしょうゆ漬,魚卵,735,2018/12/15 02:20:11,999999993,インポート可,在庫数によらず注文を受ける
000207,殻付しじみ,貝類,599,2018/12/15 02:20:11,999999990,インポート可,在庫数によらず注文を受ける
000208,生かき（生食用）,貝類,357,2018/12/15 02:20:11,999999997,インポート可,在庫数によらず注文を受ける
000209,紅鮭甘塩（２切）,切身,378,2018/12/15 02:20:11,999999988,インポート可,在庫数によらず注文を受ける
000210,金目鯛（２切）【180g】,切身,483,2018/12/15 02:20:11,999999985,インポート可,在庫数によらず注文を受ける
000211,子持ち 浅羽カレイ,切身,326,2018/12/15 02:20:11,999999988,インポート可,在庫数によらず注文を受ける
000212,メカジキハラス西京漬,漬魚,305,2018/12/15 02:20:11,999999985,インポート可,在庫数によらず注文を受ける
000213,銀かれい醤油漬,漬魚,273,2018/12/15 02:20:11,999999996,インポート可,在庫数によらず注文を受ける
000214,ちりめん,干物,482,2019/01/25 02:20:00,999999991,インポート可,在庫数によらず注文を受ける
000223,メローみそ漬,漬魚,453,2018/12/15 02:20:11,999999999,インポート可,在庫数によらず注文を受ける
000224,メバチまぐろ切落し,まぐろ,567,2018/12/15 02:20:11,999999346,インポート可,在庫数によらず注文を受ける
000225,（生）むきえび,えび,592,2018/12/15 02:20:11,999997953,インポート可,在庫数によらず注文を受ける
000226,本ししゃも干,干物,585,2018/12/15 02:20:11,999997593,インポート可,在庫数によらず注文を受ける
000227,殻付しじみ,貝類,599,2018/12/15 02:20:11,999995981,インポート可,在庫数によらず注文を受ける
000228,ハーヤンシューマイ,中華惣菜,444,2018/12/15 02:20:11,999995738,インポート可,在庫数によらず注文を受ける
000302,あじなめろう,水産加工品,336,2018/12/15 02:20:11,999999996,インポート可,在庫数によらず注文を受ける
000308,帆立の醤油漬,漬魚,473,2018/12/15 02:20:11,0,インポート可,在庫がないと注文できない
000309,あゆ甘露煮,水産加工品[低温解凍],399,2018/12/15 02:20:11,0,インポート可,在庫がないと注文できない
000310,【ﾌﾟﾚｾﾞﾝﾄ】紅鮭割烹巻,水産加工品[低温解凍],0,2018/12/15 02:20:11,0,インポート可,在庫がないと注文できない
000311,海老とトマトのテリーヌ,水産加工品[低温解凍],567,2018/12/15 02:20:11,999999984,インポート可,在庫数によらず注文を受ける
000312,【ﾌﾟﾚｾﾞﾝﾄ】海鮮酒蒸し（帆立・わかめ,水産加工品[低温解凍],0,2018/12/15 02:20:11,0,インポート可,在庫がないと注文できない
000313,【ﾌﾟﾚｾﾞﾝﾄ】真鯛カブト煮,水産加工品[低温解凍],0,2018/12/15 02:20:11,0,インポート可,在庫がないと注文できない
000314,霜降り馬刺,馬肉,777,2018/12/15 02:20:11,999999999,インポート可,在庫数によらず注文を受ける
000315,みつせ鶏　塩鍋しゃぶしゃぶ,みつせ鶏,966,2018/12/15 02:20:11,999999998,インポート可,在庫数によらず注文を受ける
000316,【おまけ】洋葱水煎饅頭,本格中華点心,294,2018/12/15 02:20:11,0,インポート可,在庫がないと注文できない
000317,蝦仁雲呑（エビワンタン）,本格中華点心,462,2018/12/15 02:20:11,0,インポート可,在庫がないと注文できない
000318,【ﾌﾟﾚｾﾞﾝﾄ】蓮蓉芝麻球（蓮の実あん揚,本格中華点心,0,2018/12/15 02:20:11,14,インポート可,在庫がないと注文できない
000319,えび海鮮餃子,中華惣菜,336,2018/12/15 02:20:11,999999996,インポート可,在庫数によらず注文を受ける
000320,若鶏の甘酢ソース,中華惣菜,368,2018/12/15 02:20:11,999999988,インポート可,在庫数によらず注文を受ける
000322,豆腐ハンバーグ,和惣菜,273,2018/12/15 02:20:11,0,インポート可,在庫がないと注文できない
000323,アスパラの胡麻マヨ和え,和惣菜,399,2018/12/15 02:20:11,0,インポート可,在庫がないと注文できない
000324,【義援金付】かぼちゃのそぼろ煮,和惣菜,347,2018/12/15 02:20:11,0,インポート可,在庫がないと注文できない
000326,牛肉八幡巻,和惣菜,945,2018/12/15 02:20:11,0,インポート可,在庫がないと注文できない
000327,豆乳トーナッツ,軽食,357,2018/12/15 02:20:11,999999992,インポート可,在庫数によらず注文を受ける
000328,ナン（カレーソース）,軽食,494,2018/12/15 02:20:11,999999995,インポート可,在庫数によらず注文を受ける
000329,【ﾌﾟﾚｾﾞﾝﾄ】焼き餅,軽食,0,2018/12/15 02:20:11,0,インポート可,在庫がないと注文できない
000333,かにめし,麺・丼物,315,2018/12/15 02:20:11,999999994,インポート可,在庫数によらず注文を受ける
000334,彩りいなり寿司,麺・丼物,546,2018/12/15 02:20:11,999999995,インポート可,在庫数によらず注文を受ける
000335,きのことほうれん草の和風スパゲティ,パスタ【まとめ割】,441,2018/12/15 02:20:11,999999997,インポート可,在庫数によらず注文を受ける
000337,グリーンアスパラ,野菜,548,2018/12/15 02:20:11,0,インポート可,在庫がないと注文できない
000338,【ﾌﾟﾚｾﾞﾝﾄ】スパゲティボンゴレビアン,パスタ【まとめ割】,0,2018/12/15 02:20:11,0,インポート可,在庫がないと注文できない
000339,トマトクリームのフィットチーネ,パスタ【まとめ割】,473,2018/12/15 02:20:11,999999994,インポート可,在庫数によらず注文を受ける
000340,ﾌﾞﾛｯｺﾘｰ&ほうれん草ｸﾘｰﾑのﾌｨｯﾄﾁｰﾈ,パスタ【まとめ割】,473,2018/12/15 02:20:11,0,インポート可,在庫がないと注文できない
000341,バジルクリームのフィットチーネ,パスタ【まとめ割】,473,2018/12/15 02:20:11,0,インポート可,在庫がないと注文できない
000342,生そば（国産そば粉）,全24品【まとめ割】,357,2018/12/15 02:20:11,999999989,インポート可,在庫数によらず注文を受ける
000344,ドルチェ・ベリー＆ミルク,洋菓子,462,2018/12/15 02:20:11,999999996,インポート可,在庫数によらず注文を受ける
000345,【おまけ】今川焼（カスタード）,和菓子,0,2018/12/15 02:20:11,1,インポート可,在庫がないと注文できない
000501,ギアナ海老　特大,えび,1785,2018/12/15 02:20:11,999999918,インポート可,在庫がないと注文できない
000502,ギアナ海老　大型,えび,1680,2018/12/15 02:20:11,999999874,インポート可,在庫がないと注文できない
000503,ギアナ海老　小型,えび,620,2018/12/15 02:20:11,999999690,インポート可,在庫がないと注文できない
000504,ギアナ海老　えび刺,えび,599,2018/12/15 02:20:11,0,インポート可,在庫がないと注文できない
000505,イリアン海老　有頭大,えび,1281,2018/12/15 02:20:11,999999924,インポート可,在庫がないと注文できない
000506,イリアン海老　L,えび,798,2018/12/15 02:20:11,999999603,インポート可,在庫がないと注文できない
000507,イリアン海老　M,えび,672,2018/12/15 02:20:11,999999559,インポート可,在庫がないと注文できない
000508,イリアン海老　S,えび,494,2018/12/15 02:20:11,999999830,インポート可,在庫がないと注文できない
000509,（生）むきえび,えび,592,2018/12/15 02:20:11,999998337,インポート可,在庫がないと注文できない
000510,釜揚げ桜えび,えび,504,2018/12/15 02:20:11,0,インポート可,在庫がないと注文できない
000511,甘えび,えび,525,2018/12/15 02:20:11,999999770,インポート可,在庫がないと注文できない
000512,●大粒むきえび,えび,719,2018/12/15 02:20:11,999998643,インポート可,在庫がないと注文できない
000513,シーフードミックス,かに,714,2018/12/15 02:20:11,999999308,インポート可,在庫がないと注文できない
000514,たらばがに(生),かに,2688,2018/12/15 02:20:11,999999973,インポート可,在庫がないと注文できない
000515,毛がに,かに,2573,2019/09/04 02:20:00,999999985,インポート可,在庫がないと注文できない
000516,ずわいかに半肩,かに,588,2018/12/15 02:20:11,999999898,インポート可,在庫がないと注文できない
000517,骨なし　かに棒肉,かに,557,2018/12/15 02:20:11,999999463,インポート可,在庫がないと注文できない
000518,本ズワイ爪ポーション,かに,504,2018/12/15 02:20:11,999999864,インポート可,在庫がないと注文できない
000519,かにほぐし身,かに,347,2018/12/15 02:20:11,999999226,インポート可,在庫がないと注文できない
000520,紋甲イカ,かに,788,2019/09/04 02:20:00,999999322,インポート可,在庫がないと注文できない
000521,するめいか,かに,399,2018/12/15 02:20:11,999998900,インポート可,在庫がないと注文できない
000522,ヤリイカ,かに,273,2018/12/15 02:20:11,999999439,インポート可,在庫がないと注文できない
000523,いかゲソ,かに,145,2018/12/15 02:20:11,0,インポート可,在庫がないと注文できない
000524,ボイル紋甲いかゲソ,かに,299,2018/12/15 02:20:11,999999822,インポート可,在庫がないと注文できない
000525,ヤリイカ リングカット,かに,347,2018/12/15 02:20:11,999999259,インポート可,在庫がないと注文できない
000526,真いかソーメン（函館）,かに,357,2018/12/15 02:20:11,999999068,インポート可,在庫がないと注文できない
000527,【セットでお得】真いかソーメン(函館),かに,756,2018/12/15 02:20:11,999999082,インポート可,在庫がないと注文できない
000528,スルメイカ（リング＆ゲソ）,かに,294,2018/12/15 02:20:11,999999206,インポート可,在庫がないと注文できない
000529,いか照焼き,かに,326,2018/12/15 02:20:11,999999120,インポート可,在庫がないと注文できない
000530,シマアジ,刺身,672,2018/12/15 02:20:11,999999624,インポート可,在庫がないと注文できない
000531,平目刺,刺身,641,2018/12/15 02:20:11,999999844,インポート可,在庫がないと注文できない
000532,鯛 刺,刺身,441,2018/12/15 02:20:11,999999675,インポート可,在庫がないと注文できない
000533,カンパチ刺,刺身,494,2018/12/15 02:20:11,999998760,インポート可,在庫がないと注文できない
000534,かつおたたき,刺身,399,2018/12/15 02:20:11,999998737,インポート可,在庫がないと注文できない
000535,下りカツオ,刺身,473,2018/12/15 02:20:11,999999649,インポート可,在庫がないと注文できない
000536,紅 刺,刺身,410,2018/12/15 02:20:11,999999455,インポート可,在庫がないと注文できない
000537,くじら刺,刺身,473,2018/12/15 02:20:11,999999792,インポート可,在庫がないと注文できない
000538,ハマチたたき,刺身,410,2018/12/15 02:20:11,999999896,インポート可,在庫がないと注文できない
000539,スズキ刺,刺身,452,2018/12/15 02:20:11,999999876,インポート可,在庫がないと注文できない
000540,カラスカレイ縁側,刺身,378,2018/12/15 02:20:11,0,インポート可,在庫がないと注文できない
000541,たこの薄造り（タレ付）,刺身,347,2018/12/15 02:20:11,999999857,インポート可,在庫がないと注文できない
000542,真あじ刺,刺身,368,2018/12/15 02:20:11,999999382,インポート可,在庫がないと注文できない
000543,トロさんま刺,刺身,389,2018/12/15 02:20:11,999999644,インポート可,在庫がないと注文できない
000544,イワシ刺,刺身,326,2018/12/15 02:20:11,999999737,インポート可,在庫がないと注文できない
000545,たこ刺,刺身,167,2018/12/15 02:20:11,0,インポート可,在庫がないと注文できない
000546,（小）甘えび,お刺身セット,315,2018/12/15 02:20:11,999999216,インポート可,在庫がないと注文できない
000547,（小）メバチまぐろ赤身,お刺身セット,315,2018/12/15 02:20:11,999999014,インポート可,在庫がないと注文できない
000548,（小）紅刺,お刺身セット,315,2018/12/15 02:20:11,999999054,インポート可,在庫がないと注文できない
000549,●（小）紋甲イカ,お刺身セット,315,2018/12/15 02:20:11,999999235,インポート可,在庫がないと注文できない
000550,（小）イクラしょうゆ漬,お刺身セット,315,2018/12/15 02:20:11,999998841,インポート可,在庫がないと注文できない
000551,（小）カンパチ刺,お刺身セット,315,2018/12/15 02:20:11,999999164,インポート可,在庫がないと注文できない
000552,（小）帆立貝柱,お刺身セット,315,2018/12/15 02:20:11,999996766,インポート可,在庫がないと注文できない
000553,（小）真だこ,お刺身セット,315,2018/12/15 02:20:11,999999411,インポート可,在庫がないと注文できない
000554,（小）鯛刺,お刺身セット,315,2018/12/15 02:20:11,999999150,インポート可,在庫がないと注文できない
000555,インドまぐろトロ,まぐろ,777,2018/12/15 02:20:11,999999817,インポート可,在庫がないと注文できない
000556,インドまぐろ赤身,まぐろ,1208,2018/12/15 02:20:11,999999782,インポート可,在庫がないと注文できない
000557,メバチまぐろ中トロ,まぐろ,1092,2018/12/15 02:20:11,999999713,インポート可,在庫がないと注文できない
000558,メバチまぐろ赤身,まぐろ,777,2018/12/15 02:20:11,999999725,インポート可,在庫がないと注文できない
000559,メバチまぐろ角切,まぐろ,693,2018/12/15 02:20:11,999999846,インポート可,在庫がないと注文できない
000560,メバチまぐろ切落し,まぐろ,630,2018/12/15 02:20:11,999999358,インポート可,在庫がないと注文できない
000561,まぐろたたき,まぐろ,447,2018/12/15 02:20:11,999999269,インポート可,在庫がないと注文できない
000562,【セット】まぐろたたき,まぐろ,804,2018/12/15 02:20:11,999999225,インポート可,在庫がないと注文できない
000563,びんちょうまぐろ,まぐろ,546,2018/12/15 02:20:11,999998704,インポート可,在庫がないと注文できない
000564,びんちょうマグロタタキ,まぐろ,462,2018/12/15 02:20:11,0,インポート可,在庫がないと注文できない
000565,しめさば,水産加工品,509,2018/12/15 02:20:11,999997374,インポート可,在庫がないと注文できない
000566,ニシン燻製フィレ,水産加工品,441,2018/12/15 02:20:11,999999842,インポート可,在庫がないと注文できない
000567,スモークサーモン,水産加工品,452,2018/12/15 02:20:11,999998746,インポート可,在庫がないと注文できない
000568,沖メダイスモーク,水産加工品,893,2018/12/15 02:20:11,999999977,インポート可,在庫がないと注文できない
000569,サンマ燻製,水産加工品,378,2018/12/15 02:20:11,999999806,インポート可,在庫がないと注文できない
000570,ししゃも燻製,水産加工品,263,2018/12/15 02:20:11,999999733,インポート可,在庫がないと注文できない
000571,真だこ,水産加工品,504,2018/12/15 02:20:11,999999475,インポート可,在庫がないと注文できない
000572,味付たこ,水産加工品,357,2018/12/15 02:20:11,999999542,インポート可,在庫がないと注文できない
000573,う に,水産加工品,677,2018/12/15 02:20:11,999999550,インポート可,在庫がないと注文できない
000574,あんこう肝,水産加工品,609,2018/12/15 02:20:11,999999922,インポート可,在庫がないと注文できない
000575,えんがわメカブ漬,水産加工品,420,2018/12/15 02:20:11,0,インポート可,在庫がないと注文できない
000576,きざみ芽かぶ,水産加工品,525,2018/12/15 02:20:11,0,インポート可,在庫がないと注文できない
000577,石垣島もずく（三杯酢）,水産加工品,357,2018/12/15 02:20:11,999997986,インポート可,在庫がないと注文できない
000578,イカ塩辛,水産加工品,336,2018/12/15 02:20:11,0,インポート可,在庫がないと注文できない
000579,メバチまぐろ丼の具,湯煎・レンジ編,452,2018/12/15 02:20:11,999999414,インポート可,在庫がないと注文できない
000580,ネギトロかつお丼,湯煎・レンジ編,441,2018/12/15 02:20:11,999999818,インポート可,在庫がないと注文できない
000581,帆立丼の具,湯煎・レンジ編,410,2018/12/15 02:20:11,999999773,インポート可,在庫がないと注文できない
000582,イカぶっかけ丼の具,湯煎・レンジ編,315,2018/12/15 02:20:11,999999556,インポート可,在庫がないと注文できない
000583,めかぶ海鮮丼,湯煎・レンジ編,441,2018/12/15 02:20:11,0,インポート可,在庫がないと注文できない
000584,さんま丼の具,湯煎・レンジ編,389,2018/12/15 02:20:11,7,インポート可,在庫がないと注文できない
000585,真鯛茶漬け（ごま風味）,湯煎・レンジ編,326,2018/12/15 02:20:11,999999623,インポート可,在庫がないと注文できない
000586,真あじ茶漬け,湯煎・レンジ編,273,2018/12/15 02:20:11,999999832,インポート可,在庫がないと注文できない
000587,子持ち昆布,魚卵,2205,2018/12/15 02:20:11,123,インポート可,在庫がないと注文できない
000588,白子,魚卵,473,2018/12/15 02:20:11,999999957,インポート可,在庫がないと注文できない
000589,イクラしょうゆ漬（角ケース入）,魚卵,1764,2019/08/02 02:20:00,999999841,インポート可,在庫がないと注文できない
000590,イクラしょうゆ漬,魚卵,735,2018/12/15 02:20:11,999999361,インポート可,在庫がないと注文できない
000591,イクラ（塩）,魚卵,494,2018/12/15 02:20:11,999999711,インポート可,在庫がないと注文できない
000592,筋子,魚卵,557,2018/12/15 02:20:11,999999812,インポート可,在庫がないと注文できない
000593,無着色 辛子明太子,魚卵,593,2018/12/15 02:20:11,999998259,インポート可,在庫がないと注文できない
000594,明太ばらこ,魚卵,410,2018/12/15 02:20:11,999999636,インポート可,在庫がないと注文できない
000595,たらこ,魚卵,473,2018/12/15 02:20:11,999999212,インポート可,在庫がないと注文できない
000596,たらこ（切子）,魚卵,326,2018/12/15 02:20:11,999999084,インポート可,在庫がないと注文できない
000597,国産　殻付はまぐり,貝類,546,2018/12/15 02:20:11,999999874,インポート可,在庫がないと注文できない
000598,国産　殻付あさり,貝類,378,2018/12/15 02:20:11,999998860,インポート可,在庫がないと注文できない
000599,殻付しじみ,貝類,599,2018/12/15 02:20:11,999997615,インポート可,在庫がないと注文できない
000600,ムール貝,貝類,315,2018/12/15 02:20:11,999999781,インポート可,在庫がないと注文できない
000601,ベビー帆立,貝類,399,2018/12/15 02:20:11,999999055,インポート可,在庫がないと注文できない
000602,酒蒸し黄金帆立,貝類,452,2018/12/15 02:20:11,0,インポート可,在庫がないと注文できない
000603,帆立ボイル,貝類,378,2018/12/15 02:20:11,999999542,インポート可,在庫がないと注文できない
000604,生かき（生食用）,貝類,357,2018/12/15 02:20:11,677,インポート可,在庫がないと注文できない
000605,加熱用かき,貝類,399,2018/12/15 02:20:11,999999396,インポート可,在庫がないと注文できない
000606,ロコ貝,貝類,546,2018/12/15 02:20:11,0,インポート可,在庫がないと注文できない
000607,つぶ貝,貝類,389,2018/12/15 02:20:11,999999587,インポート可,在庫がないと注文できない
000608,連子鯛,一尾物,294,2018/12/15 02:20:11,999999840,インポート可,在庫がないと注文できない
000609,えぼ鯛,一尾物,294,2018/12/15 02:20:11,999999718,インポート可,在庫がないと注文できない
000610,真あじ,一尾物,273,2018/12/15 02:20:11,999999561,インポート可,在庫がないと注文できない
000611,骨抜きさんま,一尾物,362,2018/12/15 02:20:11,0,インポート可,在庫がないと注文できない
000612,舌平目,一尾物,336,2018/12/15 02:20:11,999999673,インポート可,在庫がないと注文できない
000613,さばフィレ,一尾物,389,2019/09/04 02:20:00,999998158,インポート可,在庫がないと注文できない
000614,あじ開き（生）,一尾物,252,2019/09/04 02:20:00,999999572,インポート可,在庫がないと注文できない
000615,いわし開き（生）,一尾物,338,2018/12/15 02:20:11,999999451,インポート可,在庫がないと注文できない
000616,穴子開き　（生）,一尾物,315,2019/01/23 02:20:00,999999773,インポート可,在庫がないと注文できない
000617,わかさぎ,一尾物,277,2018/12/15 02:20:11,999999647,インポート可,在庫がないと注文できない
000618,紅鮭半身（甘塩）,切身,1386,2018/12/15 02:20:11,999999001,インポート可,在庫がないと注文できない
000619,紅鮭甘塩（２切）,切身,378,2018/12/15 02:20:11,999997905,インポート可,在庫がないと注文できない
000620,紅鮭甘塩（３切）,切身,525,2018/12/15 02:20:11,999998108,インポート可,在庫がないと注文できない
000621,時鮭中辛（２切）,切身,410,2018/12/15 02:20:11,999999474,インポート可,在庫がないと注文できない
000622,時鮭中辛（３切）,切身,567,2018/12/15 02:20:11,999999716,インポート可,在庫がないと注文できない
000623,銀鮭（２切）,切身,284,2018/12/15 02:20:11,999999377,インポート可,在庫がないと注文できない
000624,銀鮭（３切）,切身,399,2018/12/15 02:20:11,999999390,インポート可,在庫がないと注文できない
000625,メロー （沖むつ）（２切）,切身,651,2018/12/15 02:20:11,999999611,インポート可,在庫がないと注文できない
000626,メロー （沖むつ）（３切）,切身,893,2018/12/15 02:20:11,999999778,インポート可,在庫がないと注文できない
000627,銀だら（２切）,切身,546,2018/12/15 02:20:11,999999463,インポート可,在庫がないと注文できない
000628,銀だら（３切）,切身,746,2018/12/15 02:20:11,999999508,インポート可,在庫がないと注文できない
000629,金目鯛（２切）【180g】,切身,483,2018/12/15 02:20:11,999998856,インポート可,在庫がないと注文できない
000630,金目鯛（４切）,切身,882,2018/12/15 02:20:11,999999486,インポート可,在庫がないと注文できない
000631,メカジキ（２切）,切身,410,2018/12/15 02:20:11,999998644,インポート可,在庫がないと注文できない
000632,メカジキ（３切）,切身,567,2018/12/15 02:20:11,999999060,インポート可,在庫がないと注文できない
000633,真たら（２切）,切身,431,2019/01/23 02:20:00,999999752,インポート可,在庫がないと注文できない
000634,真たら（３切）,切身,599,2019/01/23 02:20:00,999999837,インポート可,在庫がないと注文できない
000635,さわら（２切）,切身,336,2018/12/15 02:20:11,999999353,インポート可,在庫がないと注文できない
000636,さわら（３切）,切身,462,2018/12/15 02:20:11,999999482,インポート可,在庫がないと注文できない
000637,ブリ（２切）,切身,483,2018/12/15 02:20:11,999999653,インポート可,在庫がないと注文できない
000638,ブリ（３切）,切身,672,2018/12/15 02:20:11,999999849,インポート可,在庫がないと注文できない
000639,ヒラス（２切）,切身,347,2018/12/15 02:20:11,999999830,インポート可,在庫がないと注文できない
000640,ヒラス（３切）,切身,473,2018/12/15 02:20:11,999999840,インポート可,在庫がないと注文できない
000641,子持ち 浅羽カレイ,切身,326,2018/12/15 02:20:11,999998692,インポート可,在庫がないと注文できない
000642,●銀かれい（２切）,切身,305,2019/01/31 02:20:00,999999628,インポート可,在庫がないと注文できない
000643,●銀かれい（３切）,切身,410,2019/01/31 02:20:00,999999564,インポート可,在庫がないと注文できない
000644,メローみそ漬,漬魚,504,2018/12/15 02:20:11,999999379,インポート可,在庫がないと注文できない
000645,銀ダラみそ漬,漬魚,483,2018/12/15 02:20:11,999998525,インポート可,在庫がないと注文できない
000646,メカジキハラス西京漬,漬魚,305,2018/12/15 02:20:11,999999310,インポート可,在庫がないと注文できない
000647,紅鮭西京漬,漬魚,315,2018/12/15 02:20:11,999999361,インポート可,在庫がないと注文できない
000648,ヒラス西京漬,漬魚,294,2018/12/15 02:20:11,999999280,インポート可,在庫がないと注文できない
000649,青ヒラス西京漬（セット）,漬魚,529,2018/12/15 02:20:11,999998997,インポート可,在庫がないと注文できない
000650,さわら西京漬,漬魚,336,2018/12/15 02:20:11,999999645,インポート可,在庫がないと注文できない
000651,金目鯛粕漬,漬魚,357,2018/12/15 02:20:11,999999056,インポート可,在庫がないと注文できない
000652,赤魚粕漬,漬魚,252,2018/12/15 02:20:11,999999396,インポート可,在庫がないと注文できない
000653,めぬけ粕漬,漬魚,336,2018/12/15 02:20:11,999999680,インポート可,在庫がないと注文できない
000654,銀かれい醤油漬,漬魚,273,2018/12/15 02:20:11,999999487,インポート可,在庫がないと注文できない
000655,銀かれい醤油漬（セット）,漬魚,491,2018/12/15 02:20:11,999999342,インポート可,在庫がないと注文できない
000656,ぶり醤油漬,漬魚,368,2018/12/15 02:20:11,999999549,インポート可,在庫がないと注文できない
000657,サーモンハラス照焼き（山椒風味）,漬魚,294,2018/12/15 02:20:11,999999476,インポート可,在庫がないと注文できない
000658,さわらバジルオイル漬,漬魚,315,2018/12/15 02:20:11,999999320,インポート可,在庫がないと注文できない
000659,鮭さざ浪漬,漬魚,305,2018/12/15 02:20:11,3,インポート可,在庫がないと注文できない
000660,きんき開き,干物,614,2018/12/15 02:20:11,0,インポート可,在庫がないと注文できない
000661,金目鯛開き,干物,399,2018/12/15 02:20:11,999999567,インポート可,在庫がないと注文できない
000662,旬あじ開き,干物,441,2018/12/15 02:20:11,999999185,インポート可,在庫がないと注文できない
000663,真あじ開き干,干物,467,2018/12/15 02:20:11,999999033,インポート可,在庫がないと注文できない
000664,さんま開き（氷温乾燥）,干物,368,2018/12/15 02:20:11,999999310,インポート可,在庫がないと注文できない
000665,かます開き,干物,347,2018/12/15 02:20:11,999999435,インポート可,在庫がないと注文できない
000666,真ほっけ開き,干物,368,2018/12/15 02:20:11,999999309,インポート可,在庫がないと注文できない
000667,えぼ鯛開き,干物,347,2018/12/15 02:20:11,999999306,インポート可,在庫がないと注文できない
000668,宗八カレイ,干物,315,2018/12/15 02:20:11,999999736,インポート可,在庫がないと注文できない
000669,●柳かれい一夜干,干物,693,2018/12/15 02:20:11,999999548,インポート可,在庫がないと注文できない
000670,つぼ鯛フィレ干,干物,525,2018/12/15 02:20:11,999999766,インポート可,在庫がないと注文できない
000671,さば文化干,干物,382,2019/09/04 02:20:00,999998937,インポート可,在庫がないと注文できない
000672,本ししゃも干,干物,651,2018/12/15 02:20:11,999999316,インポート可,在庫がないと注文できない
000673,子持ししゃも干,干物,315,2018/12/15 02:20:11,999999554,インポート可,在庫がないと注文できない
000674,うるめ丸干,干物,357,2018/12/15 02:20:11,999999534,インポート可,在庫がないと注文できない
000675,ほっけみりん干,干物,397,2018/12/15 02:20:11,999999388,インポート可,在庫がないと注文できない
000676,さんま桜干し（みりん）,干物,410,2018/12/15 02:20:11,0,インポート可,在庫がないと注文できない
000677,いわし味醂干,干物,389,2018/12/15 02:20:11,999999737,インポート可,在庫がないと注文できない
000678,ちりめん,干物,482,2019/01/25 02:20:00,999997802,インポート可,在庫がないと注文できない
000679,釜あげしらす,干物,368,2018/12/15 02:20:11,999999498,インポート可,在庫がないと注文できない
000680,カキ飯の素,水産加工品[低温解凍],441,2018/12/15 02:20:11,999999898,インポート可,在庫がないと注文できない
000681,帆立飯の素,水産加工品[低温解凍],368,2018/12/15 02:20:11,999999869,インポート可,在庫がないと注文できない
000682,きびなご南蛮漬,水産加工品[低温解凍],389,2018/12/15 02:20:11,999999355,インポート可,在庫がないと注文できない
000683,豆あじ南蛮漬,水産加工品[低温解凍],294,2018/12/15 02:20:11,999999194,インポート可,在庫がないと注文できない
000684,豆あじ南蛮漬（セット）,水産加工品[低温解凍],529,2018/12/15 02:20:11,999999530,インポート可,在庫がないと注文できない
000685,にしん昆布巻,水産加工品[低温解凍],578,2018/12/15 02:20:11,999999749,インポート可,在庫がないと注文できない
000686,金のさんま,水産加工品[低温解凍],389,2018/12/15 02:20:11,0,インポート可,在庫がないと注文できない
000687,金ごまいわし,水産加工品[低温解凍],504,2018/12/15 02:20:11,999999517,インポート可,在庫がないと注文できない
000688,焼き穴子,水産加工品[低温解凍],441,2018/12/15 02:20:11,999999434,インポート可,在庫がないと注文できない
000689,さば塩焼,水産加工品[低温解凍],389,2018/12/15 02:20:11,999999223,インポート可,在庫がないと注文できない
000690,ちゃんちゃん切身焼き（鮭）,水産加工品[低温解凍],599,2018/12/15 02:20:11,0,インポート可,在庫がないと注文できない
000691,焼き穴子キザミ,水産加工品[低温解凍],504,2018/12/15 02:20:11,999999630,インポート可,在庫がないと注文できない
000692,うなぎ蒲焼　特大,水産加工品[低温解凍],588,2018/12/15 02:20:11,999999033,インポート可,在庫がないと注文できない
000693,うなぎ蒲焼　大,水産加工品[低温解凍],525,2018/12/15 02:20:11,999999268,インポート可,在庫がないと注文できない
000694,国産うなぎ蒲焼,水産加工品[低温解凍],1225,2019/06/18 02:20:00,999998963,インポート可,在庫がないと注文できない
000695,キザミうなぎの蒲焼,水産加工品[低温解凍],596,2018/12/15 02:20:11,999999745,インポート可,在庫がないと注文できない
000696,きんきの煮付,水産加工品[低温解凍],525,2018/12/15 02:20:11,999999785,インポート可,在庫がないと注文できない
000697,浅羽カレイ煮付,水産加工品[低温解凍],399,2018/12/15 02:20:11,999999483,インポート可,在庫がないと注文できない
000698,赤魚煮付,水産加工品[低温解凍],368,2018/12/15 02:20:11,13,インポート可,在庫がないと注文できない
000699,サバ味噌煮,水産加工品[低温解凍],294,2018/12/19 02:20:00,999998461,インポート可,在庫がないと注文できない
000700,さわら味噌煮,水産加工品[低温解凍],525,2018/12/15 02:20:11,999999889,インポート可,在庫がないと注文できない
000701,サバ甘酢あんかけ,水産加工品[低温解凍],420,2018/12/15 02:20:11,999999526,インポート可,在庫がないと注文できない
000702,さんま梅煮しそ風味,水産加工品[低温解凍],221,2018/12/15 02:20:11,0,インポート可,在庫がないと注文できない
000703,あみえび山椒,水産加工品[低温解凍],326,2018/12/15 02:20:11,0,インポート可,在庫がないと注文できない
000704,ちりめん山椒,水産加工品[低温解凍],378,2018/12/15 02:20:11,999999207,インポート可,在庫がないと注文できない
000705,小女子佃煮（クルミ入り）,水産加工品[低温解凍],294,2018/12/15 02:20:11,999999519,インポート可,在庫がないと注文できない
000706,えび入りすり身,水産加工品[低温解凍],431,2018/12/15 02:20:11,999998871,インポート可,在庫がないと注文できない
000707,いわしたたき身,水産加工品[低温解凍],525,2018/12/15 02:20:11,999999705,インポート可,在庫がないと注文できない
000708,さんますり身,水産加工品[低温解凍],441,2018/12/15 02:20:11,0,インポート可,在庫がないと注文できない
000709,黒毛和牛　焼肉用カルビ,黒毛和牛,2163,2018/12/15 02:20:11,999999976,インポート可,在庫がないと注文できない
000710,黒毛和牛　焼肉用もも肉,黒毛和牛,1260,2018/12/15 02:20:11,999999958,インポート可,在庫がないと注文できない
000711,黒毛和牛　肩ロースしゃぶしゃぶ用,黒毛和牛,2016,2018/12/15 02:20:11,999999985,インポート可,在庫がないと注文できない
000712,黒毛和牛　肩ロースすき焼き用,黒毛和牛,1974,2018/12/15 02:20:11,999999978,インポート可,在庫がないと注文できない
000713,黒毛和牛　サーロインステーキ,黒毛和牛,2289,2018/12/15 02:20:11,999999979,インポート可,在庫がないと注文できない
000714,●国産　牛焼肉用カルビ,牛肉,1071,2018/12/15 02:20:11,999999910,インポート可,在庫がないと注文できない
000715,国産　牛焼肉用ロース,牛肉,1344,2018/12/15 02:20:11,999999976,インポート可,在庫がないと注文できない
000716,国産　牛肩ロースしゃぶしゃぶ用,牛肉,1239,2018/12/15 02:20:11,999999965,インポート可,在庫がないと注文できない
000717,●国産　牛肩ロースすき焼き用,牛肉,1218,2018/12/15 02:20:11,999999807,インポート可,在庫がないと注文できない
000718,●国産　牛ももしゃぶしゃぶ用,牛肉,1092,2018/12/15 02:20:11,999999944,インポート可,在庫がないと注文できない
000719,●国産　牛サーロインステーキ,牛肉,1628,2018/12/15 02:20:11,999999842,インポート可,在庫がないと注文できない
000720,国産　牛サイコロステーキ,牛肉,1050,2018/12/15 02:20:11,999999508,インポート可,在庫がないと注文できない
000721,国産　牛カレーシチュー用,牛肉,756,2018/12/15 02:20:11,999999894,インポート可,在庫がないと注文できない
000722,●国産　牛切落し,牛肉,672,2018/12/15 02:20:11,999999298,インポート可,在庫がないと注文できない
000723,国産　牛ミンチ,牛肉,578,2018/12/15 02:20:11,999999668,インポート可,在庫がないと注文できない
000724,国産　合挽きミンチ,牛肉,336,2018/12/15 02:20:11,999999435,インポート可,在庫がないと注文できない
000725,国産　牛タタキ,牛肉,935,2018/12/15 02:20:11,999999869,インポート可,在庫がないと注文できない
000726,牛焼肉味付カルビ,牛肉,630,2018/12/15 02:20:11,999999851,インポート可,在庫がないと注文できない
000727,馬刺タタキ,馬肉,1040,2018/12/15 02:20:11,999999963,インポート可,在庫がないと注文できない
000728,馬刺ロース,馬肉,620,2018/12/15 02:20:11,999999634,インポート可,在庫がないと注文できない
000729,国産　豚ヒレブロック,豚肉,868,2018/12/15 02:20:11,999999813,インポート可,在庫がないと注文できない
000730,国産　豚ロース切身,豚肉,498,2018/12/15 02:20:11,999999683,インポート可,在庫がないと注文できない
000731,国産　豚肩ローススライス,豚肉,467,2018/12/15 02:20:11,999999836,インポート可,在庫がないと注文できない
000732,国産　豚スペアリブ,豚肉,467,2018/12/15 02:20:11,0,インポート可,在庫がないと注文できない
000733,国産　豚バラスライス,豚肉,382,2018/12/15 02:20:11,999999695,インポート可,在庫がないと注文できない
000734,国産　豚バラしゃぶしゃぶ用,豚肉,399,2018/12/15 02:20:11,999999666,インポート可,在庫がないと注文できない
000735,国産　豚ももスライス,豚肉,378,2018/12/15 02:20:11,999999764,インポート可,在庫がないと注文できない
000736,上州ステビア　豚ロース厚切,上州ステビア豚,588,2018/12/15 02:20:11,999999666,インポート可,在庫がないと注文できない
000737,上州ステビア　豚ローススライス,上州ステビア豚,588,2018/12/15 02:20:11,999999647,インポート可,在庫がないと注文できない
000738,上州ステビア　豚ロースしゃぶしゃぶ用,上州ステビア豚,599,2018/12/15 02:20:11,999999647,インポート可,在庫がないと注文できない
000739,上州ステビア　豚肩ローススライス,上州ステビア豚,557,2018/12/15 02:20:11,999998744,インポート可,在庫がないと注文できない
000740,上州ステビア　豚バラスライス,上州ステビア豚,462,2018/12/15 02:20:11,999998961,インポート可,在庫がないと注文できない
000741,上州ステビア　豚ももスライス,上州ステビア豚,441,2018/12/15 02:20:11,999999754,インポート可,在庫がないと注文できない
000742,上州ステビア　豚小間切れ,上州ステビア豚,399,2018/12/15 02:20:11,999999592,インポート可,在庫がないと注文できない
000743,国産　豚小間切れ,豚肉,326,2018/12/15 02:20:11,999999621,インポート可,在庫がないと注文できない
000744,国産　豚ミンチ,豚肉,252,2018/12/15 02:20:11,999999200,インポート可,在庫がないと注文できない
000745,えばらハーブ豚未来セット,豚肉,3413,2018/12/15 02:20:11,999999932,インポート可,在庫がないと注文できない
000746,えばらハーブ未来豚ロース味噌漬,豚肉,672,2018/12/15 02:20:11,999999909,インポート可,在庫がないと注文できない
000747,豚ロースXO醤タレ漬,豚肉,420,2018/12/15 02:20:11,999998895,インポート可,在庫がないと注文できない
000748,豚ロース生姜焼,豚肉,399,2018/12/15 02:20:11,999999799,インポート可,在庫がないと注文できない
000749,豚肉西京味噌漬,豚肉,347,2018/12/15 02:20:11,999999646,インポート可,在庫がないと注文できない
000750,豚肉西京味噌漬（セット）,豚肉,624,2018/12/15 02:20:11,999999686,インポート可,在庫がないと注文できない
000751,魚沼健康豚スパイシーポーク,豚肉,609,2018/12/15 02:20:11,0,インポート可,在庫がないと注文できない
000752,魚沼健康豚ねぎ味噌漬,豚肉,473,2018/12/15 02:20:11,999999856,インポート可,在庫がないと注文できない
000753,魚沼健康豚チーズ入りプチ生ハンバーグ,豚肉,336,2018/12/15 02:20:11,999999689,インポート可,在庫がないと注文できない
000754,ポークソーセージ,ﾊﾑ・ﾍﾞｰｺﾝ・ｿｰｾｰｼﾞ,431,2018/12/15 02:20:11,999999203,インポート可,在庫がないと注文できない
000755,トッピング生ハム,ﾊﾑ・ﾍﾞｰｺﾝ・ｿｰｾｰｼﾞ,427,2018/12/15 02:20:11,999999757,インポート可,在庫がないと注文できない
000756,生ベーコン短冊カット,ﾊﾑ・ﾍﾞｰｺﾝ・ｿｰｾｰｼﾞ,546,2019/04/18 02:20:00,999999584,インポート可,在庫がないと注文できない
000757,無添加　ベーコン,ﾊﾑ・ﾍﾞｰｺﾝ・ｿｰｾｰｼﾞ,426,2019/04/18 02:20:00,999999733,インポート可,在庫がないと注文できない
000758,無添加　ポークソーセージ,ﾊﾑ・ﾍﾞｰｺﾝ・ｿｰｾｰｼﾞ,546,2019/04/18 02:20:00,999999811,インポート可,在庫がないと注文できない
000759,魚沼産健康豚生ウインナー,ﾊﾑ・ﾍﾞｰｺﾝ・ｿｰｾｰｼﾞ,389,2018/12/15 02:20:11,999999771,インポート可,在庫がないと注文できない
000760,魚沼産健康豚の焼豚スライス,ﾊﾑ・ﾍﾞｰｺﾝ・ｿｰｾｰｼﾞ,389,2018/12/15 02:20:11,999999691,インポート可,在庫がないと注文できない
000761,●知床鶏　もも正肉,鶏肉,630,2019/01/31 02:20:00,999998296,インポート可,在庫がないと注文できない
000762,国産　若鶏もも正肉,鶏肉,651,2018/12/15 02:20:11,4,インポート可,在庫がないと注文できない
000763,国産　鶏むね肉,鶏肉,298,2018/12/15 02:20:11,999999705,インポート可,在庫がないと注文できない
000764,●国産　鶏ささ身,鶏肉,317,2019/01/31 02:20:00,999999769,インポート可,在庫がないと注文できない
000765,みつせ鶏　ささ身,みつせ鶏,578,2018/12/15 02:20:11,999999623,インポート可,在庫がないと注文できない
000766,みつせ鶏　ミンチ,みつせ鶏,452,2018/12/15 02:20:11,999999533,インポート可,在庫がないと注文できない
000767,●国産　鶏手羽先,鶏肉,372,2019/01/31 02:20:00,999999780,インポート可,在庫がないと注文できない
000768,国産　鶏手羽元,鶏肉,355,2018/12/15 02:20:11,999999699,インポート可,在庫がないと注文できない
000769,国産　鶏レバー,鶏肉,272,2018/12/15 02:20:11,999999847,インポート可,在庫がないと注文できない
000770,●国産　やきとりセット,鶏肉,441,2019/01/31 02:20:00,999999759,インポート可,在庫がないと注文できない
000771,みつせ鶏　肉だんご,みつせ鶏,662,2018/12/15 02:20:11,999999554,インポート可,在庫がないと注文できない
000772,みつせ鶏　焼きつくね串,みつせ鶏,473,2018/12/15 02:20:11,999998922,インポート可,在庫がないと注文できない
000773,みつせ鶏　レンコンはさみ焼,みつせ鶏,494,2018/12/15 02:20:11,999999418,インポート可,在庫がないと注文できない
000774,みつせ鶏　甘ったれ焼,みつせ鶏,494,2018/12/15 02:20:11,999999580,インポート可,在庫がないと注文できない
000775,みつせ鶏　豆腐ハンバーグ,みつせ鶏,467,2018/12/15 02:20:11,999999384,インポート可,在庫がないと注文できない
000776,鶏レバー甘辛煮,鶏肉,452,2018/12/15 02:20:11,999999700,インポート可,在庫がないと注文できない
000777,鶏そぼろ,鶏肉,441,2018/12/15 02:20:11,999999753,インポート可,在庫がないと注文できない
000778,蒸し鶏,鶏肉,284,2018/12/15 02:20:11,999999487,インポート可,在庫がないと注文できない
000779,鮮蝦餃（エビ蒸し餃子）,本格中華点心,494,2018/12/15 02:20:11,999999699,インポート可,在庫がないと注文できない
000780,広東煎餃（広東風焼き餃子）,本格中華点心,399,2018/12/15 02:20:11,999999753,インポート可,在庫がないと注文できない
000781,広東焼売,本格中華点心,441,2018/12/15 02:20:11,999999802,インポート可,在庫がないと注文できない
000782,蓮葉糯米鶏（おこわの蓮の葉包み）,本格中華点心,641,2018/12/15 02:20:11,999999935,インポート可,在庫がないと注文できない
000783,蟹爪（カニ爪揚げ）,本格中華点心,578,2018/12/15 02:20:11,999999829,インポート可,在庫がないと注文できない
000784,叉焼包（チャーシュー肉まん）,本格中華点心,441,2018/12/15 02:20:11,999999720,インポート可,在庫がないと注文できない
000785,迷?芝麻包（ミニゴマあんまん）,本格中華点心,326,2018/12/15 02:20:11,999999716,インポート可,在庫がないと注文できない
000786,蓮蓉湯圓（蓮の実あん茹で団子）,本格中華点心,336,2018/12/15 02:20:11,999999933,インポート可,在庫がないと注文できない
000787,ハーヤンシューマイ,中華惣菜,494,2018/12/15 02:20:11,999998650,インポート可,在庫がないと注文できない
000788,フーロンシューマイ,中華惣菜,462,2018/12/15 02:20:11,999998488,インポート可,在庫がないと注文できない
000789,●ジャンボ餃子,中華惣菜,410,2019/09/26 02:20:00,999999087,インポート可,在庫がないと注文できない
000790,しそ巻き棒餃子,中華惣菜,357,2019/09/04 02:20:00,999999230,インポート可,在庫がないと注文できない
000791,レンジでも餃子,中華惣菜,284,2018/12/29 02:20:00,999999473,インポート可,在庫がないと注文できない
000792,春巻,中華惣菜,273,2018/12/15 02:20:11,999999130,インポート可,在庫がないと注文できない
000793,黒豚餃子,中華惣菜,399,2019/04/19 02:20:00,999998354,インポート可,在庫がないと注文できない
000794,豚の角煮,中華惣菜,494,2018/12/15 02:20:11,999999658,インポート可,在庫がないと注文できない
000795,肉団子甘酢あんかけ,中華惣菜,375,2019/09/04 02:20:00,999999048,インポート可,在庫がないと注文できない
000796,黒豚春巻,中華惣菜,368,2018/12/15 02:20:11,999999638,インポート可,在庫がないと注文できない
000797,チャンジャオロース,中華惣菜,368,2018/12/15 02:20:11,2,インポート可,在庫がないと注文できない
000798,鶏胸肉のカシューナッツ炒め,中華惣菜,473,2018/12/15 02:20:11,999999780,インポート可,在庫がないと注文できない
000799,えびチリソース,中華惣菜,357,2018/12/15 02:20:11,999998928,インポート可,在庫がないと注文できない
000800,中華くらげ,中華惣菜,378,2018/12/15 02:20:11,0,インポート可,在庫がないと注文できない
000801,肉まん,中華惣菜,399,2018/12/15 02:20:11,0,インポート可,在庫がないと注文できない
000802,小龍包,中華惣菜,326,2018/12/15 02:20:11,999999553,インポート可,在庫がないと注文できない
000803,えびワンタン（スープ付）,中華惣菜,538,2018/12/15 02:20:11,999999274,インポート可,在庫がないと注文できない
000804,坦々春雨,中華惣菜,378,2018/12/15 02:20:11,999999609,インポート可,在庫がないと注文できない
000805,茶碗蒸し,和惣菜,410,2018/12/15 02:20:11,2,インポート可,在庫がないと注文できない
000806,●国産ロールキャベツ,和惣菜,494,2018/12/15 02:20:11,999999417,インポート可,在庫がないと注文できない
000807,京風ゆば包み,和惣菜,475,2018/12/15 02:20:11,999999696,インポート可,在庫がないと注文できない
000808,五目揚げ豆腐,和惣菜,389,2018/12/15 02:20:11,999999284,インポート可,在庫がないと注文できない
000809,味付高野豆腐,和惣菜,252,2018/12/15 02:20:11,999999678,インポート可,在庫がないと注文できない
000810,高野とがんもの含め煮,和惣菜,315,2018/12/15 02:20:11,999999673,インポート可,在庫がないと注文できない
000811,とろろゆば茶巾,和惣菜,368,2018/12/15 02:20:11,999999659,インポート可,在庫がないと注文できない
000812,芽かぶ入り玄米とろろ,和惣菜,441,2018/12/15 02:20:11,999999926,インポート可,在庫がないと注文できない
000813,国産　うの花,和惣菜,252,2018/12/15 02:20:11,999999321,インポート可,在庫がないと注文できない
000814,国産　大豆煮,和惣菜,284,2018/12/15 02:20:11,999999752,インポート可,在庫がないと注文できない
000815,大学いも,和惣菜,562,2018/12/15 02:20:11,999999364,インポート可,在庫がないと注文できない
000816,牛肉入り金平ごぼう,和惣菜,410,2018/12/15 02:20:11,999999681,インポート可,在庫がないと注文できない
000817,豚肉と大根の旨煮,和惣菜,473,2018/12/15 02:20:11,0,インポート可,在庫がないと注文できない
000818,いなり寿司の皮,和惣菜,438,2018/12/15 02:20:11,999999366,インポート可,在庫がないと注文できない
000819,味噌ホルモン,和惣菜,310,2019/05/28 02:20:00,999999532,インポート可,在庫がないと注文できない
000820,鶏もも照焼スライス,和惣菜,394,2018/12/15 02:20:11,999999375,インポート可,在庫がないと注文できない
000821,紀州南高梅,和惣菜,1113,2018/12/15 02:20:11,999999900,インポート可,在庫がないと注文できない
000822,紀州南高梅,和惣菜,399,2018/12/15 02:20:11,999999863,インポート可,在庫がないと注文できない
000823,デミソースdeハンバーグ,洋惣菜,483,2018/12/15 02:20:11,999999287,インポート可,在庫がないと注文できない
000824,JGハンバーグステーキ,洋惣菜,440,2018/12/15 02:20:11,999999414,インポート可,在庫がないと注文できない
000825,チキンと野菜のミニハンバーグ,洋惣菜,357,2018/12/15 02:20:11,999999515,インポート可,在庫がないと注文できない
000826,海老とチーズのグラタン,洋惣菜,588,2018/12/15 02:20:11,999999380,インポート可,在庫がないと注文できない
000827,ポテト＆ベーコングラタン,洋惣菜,557,2018/12/15 02:20:11,999999113,インポート可,在庫がないと注文できない
000828,紅ずわいがにのドリア,洋惣菜,557,2018/12/15 02:20:11,0,インポート可,在庫がないと注文できない
000829,ビーフシチュー,洋惣菜,452,2018/12/15 02:20:11,999999383,インポート可,在庫がないと注文できない
000830,こだわり極上ビーフカレー,洋惣菜,441,2018/12/15 02:20:11,999999772,インポート可,在庫がないと注文できない
000831,ハヤシソース,洋惣菜,410,2018/12/15 02:20:11,999999702,インポート可,在庫がないと注文できない
000832,茄子カレー,洋惣菜,452,2018/12/15 02:20:11,999999578,インポート可,在庫がないと注文できない
000833,ミニクロワッサン,軽食,557,2018/12/15 02:20:11,999999819,インポート可,在庫がないと注文できない
000834,メープルピーカンデニッシュ,軽食,557,2018/12/15 02:20:11,0,インポート可,在庫がないと注文できない
000835,ポテトチーズもち,軽食,273,2018/12/15 02:20:11,999999584,インポート可,在庫がないと注文できない
000836,たこ焼き,軽食,454,2018/12/15 02:20:11,999999321,インポート可,在庫がないと注文できない
000837,ホットケーキセット（マーガリン・シロ,軽食,441,2018/12/15 02:20:11,999999405,インポート可,在庫がないと注文できない
000838,ミニアップルパイ,軽食,294,2018/12/15 02:20:11,999999804,インポート可,在庫がないと注文できない
000839,6種のチーズピザ,軽食,579,2018/12/15 02:20:11,999999747,インポート可,在庫がないと注文できない
000840,3種のシーフードピザ,軽食,599,2018/12/15 02:20:11,999999770,インポート可,在庫がないと注文できない
000841,バジル＆トマトピザ,軽食,579,2018/12/15 02:20:11,999998427,インポート可,在庫がないと注文できない
000842,ミックスピザ,軽食,558,2018/12/15 02:20:11,999998304,インポート可,在庫がないと注文できない
000843,【旧】若鶏もも唐揚,揚物,462,2018/12/15 02:20:11,0,インポート可,在庫がないと注文できない
000844,ししゃも唐揚,揚物,378,2018/12/15 02:20:11,999999743,インポート可,在庫がないと注文できない
000845,上州ステビア豚メンチカツ,揚物,389,2018/12/15 02:20:11,999998494,インポート可,在庫がないと注文できない
000846,上州ステビア豚ロースカツ,揚物,504,2018/12/15 02:20:11,999999749,インポート可,在庫がないと注文できない
000847,黒毛和牛コロッケ,揚物,389,2018/12/15 02:20:11,999999713,インポート可,在庫がないと注文できない
000848,北海道サクサクコロッケ（牛肉）,揚物,452,2018/12/15 02:20:11,999999366,インポート可,在庫がないと注文できない
000849,09えびフライ,揚物,389,2018/12/15 02:20:11,999999396,インポート可,在庫がないと注文できない
000850,ヒレカツ,揚物,382,2018/12/15 02:20:11,999999535,インポート可,在庫がないと注文できない
000851,あじフライ,揚物,420,2018/12/15 02:20:11,999998666,インポート可,在庫がないと注文できない
000852,カニクリームコロッケ,揚物,452,2018/12/15 02:20:11,999999572,インポート可,在庫がないと注文できない
000853,クリーミーグラタンフライ,揚物,294,2018/12/15 02:20:11,53,インポート可,在庫がないと注文できない
000854,クリーミーグラタンフライ（セット）,揚物,529,2018/12/15 02:20:11,0,インポート可,在庫がないと注文できない
000855,チーズINベーコンチキンカツ,揚物,473,2018/12/15 02:20:11,999999747,インポート可,在庫がないと注文できない
000856,ヘルシーおからコロッケ,揚物,378,2018/12/15 02:20:11,0,インポート可,在庫がないと注文できない
000857,完熟トマトのスープご飯,麺・丼物,420,2018/12/15 02:20:11,999999852,インポート可,在庫がないと注文できない
000858,野菜チゲスープご飯,麺・丼物,420,2018/12/15 02:20:11,0,インポート可,在庫がないと注文できない
000859,白湯・鶏スープご飯,麺・丼物,420,2018/12/15 02:20:11,999999853,インポート可,在庫がないと注文できない
000860,柿の葉ずし,麺・丼物,599,2018/12/15 02:20:11,999999758,インポート可,在庫がないと注文できない
000861,押し穴子寿司,麺・丼物,462,2018/12/15 02:20:11,999999813,インポート可,在庫がないと注文できない
000862,さんま寿司（三陸）,麺・丼物,651,2018/12/15 02:20:11,0,インポート可,在庫がないと注文できない
000863,牛丼の具,麺・丼物,567,2018/12/15 02:20:11,999999535,インポート可,在庫がないと注文できない
000864,中華丼の具（塩味）,麺・丼物,452,2018/12/15 02:20:11,999998998,インポート可,在庫がないと注文できない
000865,イベリコ豚重の素,麺・丼物,305,2018/12/15 02:20:11,999999776,インポート可,在庫がないと注文できない
000866,牛すき焼き重の素,麺・丼物,294,2018/12/15 02:20:11,999999608,インポート可,在庫がないと注文できない
000867,一口鶏おこわ,麺・丼物,399,2018/12/15 02:20:11,999999669,インポート可,在庫がないと注文できない
000868,栗おこわ,麺・丼物,273,2018/12/15 02:20:11,999999472,インポート可,在庫がないと注文できない
000869,中華肉ちまき（松の実入り）,麺・丼物,672,2018/12/15 02:20:11,999999623,インポート可,在庫がないと注文できない
000870,完熟ふっくらオムライス,麺・丼物,326,2018/12/15 02:20:11,0,インポート可,在庫がないと注文できない
000871,焼きおにぎり（山菜）,麺・丼物,662,2018/12/15 02:20:11,999999653,インポート可,在庫がないと注文できない
000872,こんがり焼きおにぎり,麺・丼物,644,2018/12/15 02:20:11,999999562,インポート可,在庫がないと注文できない
000873,プチ焼おにぎり（おかか）,麺・丼物,410,2018/12/15 02:20:11,999999901,インポート可,在庫がないと注文できない
000874,肉巻きおにぎり,麺・丼物,588,2018/12/15 02:20:11,999999712,インポート可,在庫がないと注文できない
000875,●えびピラフ,ピラフ,242,2018/12/15 02:20:11,999997795,インポート可,在庫がないと注文できない
000876,ドライカレー,ピラフ,242,2018/12/15 02:20:11,999998811,インポート可,在庫がないと注文できない
000877,●チキンライス,ピラフ,242,2018/12/15 02:20:11,999998439,インポート可,在庫がないと注文できない
000878,焼豚炒飯,ピラフ,242,2018/12/29 02:20:00,999998225,インポート可,在庫がないと注文できない
000879,●高菜ピラフ,ピラフ,242,2018/12/15 02:20:11,999998533,インポート可,在庫がないと注文できない
000880,4種のきのこピラフ,ピラフ,242,2019/01/31 02:20:00,999998609,インポート可,在庫がないと注文できない
000881,桜えびごはん（麦入り）,ピラフ,231,2018/12/15 02:20:11,999999260,インポート可,在庫がないと注文できない
000882,鶏五目ごはん（五穀入り）,ピラフ,231,2018/12/15 02:20:11,999998937,インポート可,在庫がないと注文できない
000883,八穀ご飯,ピラフ,221,2018/12/15 02:20:11,999999336,インポート可,在庫がないと注文できない
000884,梅ごはん（発芽玄米入り）,ピラフ,231,2018/12/15 02:20:11,999998931,インポート可,在庫がないと注文できない
000885,じゃこご飯（麦入り）,ピラフ,231,2018/12/15 02:20:11,999998936,インポート可,在庫がないと注文できない
000886,ひじきご飯（発芽玄米入り）,ピラフ,231,2018/12/15 02:20:11,999998771,インポート可,在庫がないと注文できない
000887,茄子とトマトのスパゲティ,パスタ【まとめ割】,294,2018/12/15 02:20:11,0,インポート可,在庫がないと注文できない
000888,きのこスパゲティ,パスタ【まとめ割】,294,2018/12/15 02:20:11,0,インポート可,在庫がないと注文できない
000889,たらこスパゲティ,パスタ【まとめ割】,294,2018/12/15 02:20:11,0,インポート可,在庫がないと注文できない
000890,スパゲティミートソース,パスタ【まとめ割】,294,2018/12/15 02:20:11,0,インポート可,在庫がないと注文できない
000891,スパゲティカルボナーラソース,パスタ【まとめ割】,294,2018/12/15 02:20:11,0,インポート可,在庫がないと注文できない
000892,牛挽肉のピリ辛醤油スパゲティ,パスタ【まとめ割】,294,2018/12/15 02:20:11,0,インポート可,在庫がないと注文できない
000893,スパゲティペペロンチーノ,パスタ【まとめ割】,294,2018/12/15 02:20:11,0,インポート可,在庫がないと注文できない
000894,スパゲティナポリタン,パスタ【まとめ割】,294,2018/12/15 02:20:11,0,インポート可,在庫がないと注文できない
000895,うどん屋さんのうどん,全24品【まとめ割】,422,2018/12/15 02:20:11,999999496,インポート可,在庫がないと注文できない
000896,焼うどん（醤油味）,全24品【まとめ割】,494,2018/12/15 02:20:11,999999569,インポート可,在庫がないと注文できない
000897,お好みソース焼そば,全24品【まとめ割】,693,2018/12/15 02:20:11,999999555,インポート可,在庫がないと注文できない
000898,醤油ラーメンセット,全24品【まとめ割】,294,2019/01/31 02:20:00,999998782,インポート可,在庫がないと注文できない
000899,●ちゃんぽんセット,全24品【まとめ割】,357,2018/12/15 02:20:11,999999583,インポート可,在庫がないと注文できない
000900,はるさめ炒め物,全24品【まとめ割】,284,2018/12/15 02:20:11,6,インポート可,在庫がないと注文できない
000901,調理焼ビーフン,全24品【まとめ割】,294,2018/12/15 02:20:11,999998450,インポート可,在庫がないと注文できない
000902,●ベイクドチーズケーキ,洋菓子,588,2018/12/15 02:20:11,999999519,インポート可,在庫がないと注文できない
000903,京おはぎ,和菓子,735,2018/12/15 02:20:11,2,インポート可,在庫がないと注文できない
000904,渋皮栗モンブラン,洋菓子,672,2018/12/29 02:20:00,999999621,インポート可,在庫がないと注文できない
000905,白いチーズモンブラン,洋菓子,651,2018/12/15 02:20:11,0,インポート可,在庫がないと注文できない
000906,桜餅,和菓子,326,2018/12/15 02:20:11,999999627,インポート可,在庫がないと注文できない
000907,笹団子,和菓子,494,2018/12/15 02:20:11,0,インポート可,在庫がないと注文できない
000908,柚子と豆乳のレアチーズ,洋菓子,473,2018/12/15 02:20:11,999999662,インポート可,在庫がないと注文できない
000909,チョコレートケーキ倶楽部,和菓子,641,2018/12/15 02:20:11,999999753,インポート可,在庫がないと注文できない
000910,たいやき（小倉餡）,和菓子,494,2018/12/15 02:20:11,999999511,インポート可,在庫がないと注文できない
000911,ミニおはぎ,和菓子,386,2018/12/15 02:20:11,999999774,インポート可,在庫がないと注文できない
000912,スイートポテト,洋菓子,483,2018/12/15 02:20:11,999999649,インポート可,在庫がないと注文できない
000913,クワトロベリートルテ,洋菓子,654,2018/12/15 02:20:11,999999808,インポート可,在庫がないと注文できない
000914,ブルーベリー,果物,480,2018/12/15 02:20:11,999999178,インポート可,在庫がないと注文できない
000915,カット マンゴ,果物,609,2018/12/15 02:20:11,999999557,インポート可,在庫がないと注文できない
000916,●北海道まるごと野菜ミックス,野菜,263,2018/12/15 02:20:11,999999165,インポート可,在庫がないと注文できない
000917,北海道ホールコーン,野菜,189,2018/12/15 02:20:11,999999276,インポート可,在庫がないと注文できない
000918,ほうれん草カット,野菜,478,2018/12/15 02:20:11,0,インポート可,在庫がないと注文できない
000919,小松菜カット,野菜,452,2018/12/15 02:20:11,999999471,インポート可,在庫がないと注文できない
000920,インゲン,野菜,357,2018/12/15 02:20:11,999999583,インポート可,在庫がないと注文できない
000921,ブロッコリー,野菜,347,2018/12/15 02:20:11,999999700,インポート可,在庫がないと注文できない
000922,里芋,野菜,623,2018/12/15 02:20:11,999999541,インポート可,在庫がないと注文できない
000923,栗かぼちゃ,野菜,273,2018/12/15 02:20:11,999999159,インポート可,在庫がないと注文できない
000924,カット揚げなす,野菜,420,2018/12/15 02:20:11,999999670,インポート可,在庫がないと注文できない
000925,そのまま黒えだ豆,野菜,494,2018/12/15 02:20:11,999999632,インポート可,在庫がないと注文できない
000926,オニオンソテー（20％）,野菜,399,2018/12/15 02:20:11,999999767,インポート可,在庫がないと注文できない
000927,ポテトサラダベース,野菜,427,2018/12/15 02:20:11,999999713,インポート可,在庫がないと注文できない
000928,大和芋 とろろ,野菜,616,2018/12/15 02:20:11,999999009,インポート可,在庫がないと注文できない
000929,大根おろし,野菜,294,2018/12/15 02:20:11,999999729,インポート可,在庫がないと注文できない
000930,ささがきごぼう,野菜,399,2018/12/15 02:20:11,999999528,インポート可,在庫がないと注文できない
000931,和風野菜ミックス,野菜,452,2018/12/15 02:20:11,999999687,インポート可,在庫がないと注文できない
000932,青ねぎ,野菜,357,2018/12/15 02:20:11,0,インポート可,在庫がないと注文できない
000933,乾燥スライスにんにく,野菜,210,2018/12/15 02:20:11,999999754,インポート可,在庫がないと注文できない
000934,人参・ごぼうと里芋の白和え,介護食,231,2018/12/15 02:20:11,999999855,インポート可,在庫がないと注文できない
000935,ほうれん草の白和え,介護食,178,2018/12/15 02:20:11,999999840,インポート可,在庫がないと注文できない
000936,豆腐つくねボール,介護食,189,2018/12/15 02:20:11,0,インポート可,在庫がないと注文できない
000937,野菜つくねボール,介護食,178,2018/12/15 02:20:11,0,インポート可,在庫がないと注文できない
000938,ひじきつくねボール,介護食,178,2018/12/15 02:20:11,0,インポート可,在庫がないと注文できない
000939,白玉ぜんざい（こしあんタイプ）,介護食,315,2018/12/15 02:20:11,999999932,インポート可,在庫がないと注文できない
000940,鶏のトマト煮込み風ムース,介護食,347,2018/12/15 02:20:11,0,インポート可,在庫がないと注文できない
000941,豚の角煮風ムース,介護食,347,2018/12/15 02:20:11,0,インポート可,在庫がないと注文できない
000942,鮭の西京焼風ムース,介護食,347,2018/12/15 02:20:11,0,インポート可,在庫がないと注文できない
000943,鯖の味噌煮風ムース,介護食,347,2018/12/15 02:20:11,0,インポート可,在庫がないと注文できない
000944,カレイの煮付け風ムース,介護食,347,2018/12/15 02:20:11,0,インポート可,在庫がないと注文できない
000945,鶏の照り焼き風ムース,介護食,347,2018/12/15 02:20:11,0,インポート可,在庫がないと注文できない
000946,ほうれん草のおひたし風ムース,介護食,347,2018/12/15 02:20:11,0,インポート可,在庫がないと注文できない
000947,かぼちゃの煮物風ムース,介護食,347,2018/12/15 02:20:11,0,インポート可,在庫がないと注文できない
000948,カットバター,米・乾物・調味料ほか,1344,2019/04/19 02:20:00,999999672,インポート可,在庫がないと注文できない
000949,オリゴ糖,米・乾物・調味料ほか,798,2018/12/15 02:20:11,999999767,インポート可,在庫がないと注文できない
000950,ｵｰｶﾞﾆｯｸEXバージンオリーブオイル,米・乾物・調味料ほか,1103,2018/12/15 02:20:11,999999864,インポート可,在庫がないと注文できない
000951,ゆずたまねぎドレッシング,米・乾物・調味料ほか,410,2018/12/15 02:20:11,999999872,インポート可,在庫がないと注文できない
000952,アカシア はちみつ,米・乾物・調味料ほか,788,2018/12/15 02:20:11,999999369,インポート可,在庫がないと注文できない
000953,寺岡家の有機うま味醤油（減塩）,米・乾物・調味料ほか,609,2018/12/15 02:20:11,16,インポート可,在庫がないと注文できない
000954,無添加有機醤油,米・乾物・調味料ほか,336,2018/12/15 02:20:11,0,インポート可,在庫がないと注文できない
000955,天外天 味噌,米・乾物・調味料ほか,688,2018/12/15 02:20:11,999999855,インポート可,在庫がないと注文できない
000956,天外天 塩,米・乾物・調味料ほか,336,2018/12/15 02:20:11,999999848,インポート可,在庫がないと注文できない
000957,まちこがれ　5kg,米・乾物・調味料ほか,3266,2018/12/15 02:20:11,999999808,インポート可,在庫がないと注文できない
000958,新潟産コシヒカリ(特別栽培米) 2kg,米・乾物・調味料ほか,1155,2018/12/15 02:20:11,999999625,インポート可,在庫がないと注文できない
000959,椎茸どんこ,米・乾物・調味料ほか,966,2018/12/15 02:20:11,999999849,インポート可,在庫がないと注文できない
000960,日高昆布,米・乾物・調味料ほか,294,2018/12/15 02:20:11,999999754,インポート可,在庫がないと注文できない
000961,カットわかめ(乾燥）,米・乾物・調味料ほか,434,2018/12/15 02:20:11,85,インポート可,在庫がないと注文できない
000962,おかか,米・乾物・調味料ほか,263,2018/12/15 02:20:11,999999852,インポート可,在庫がないと注文できない
000963,四万十川　川のり佃煮,米・乾物・調味料ほか,347,2018/12/15 02:20:11,0,インポート可,在庫がないと注文できない
000964,ゆず漬けの素,米・乾物・調味料ほか,189,2018/12/15 02:20:11,999999768,インポート可,在庫がないと注文できない
000965,万能！旨いラー油,米・乾物・調味料ほか,567,2018/12/15 02:20:11,999999884,インポート可,在庫がないと注文できない
000966,和風だしの素（化学調味料無し）,米・乾物・調味料ほか,305,2018/12/15 02:20:11,999999811,インポート可,在庫がないと注文できない
000967,レトルト コーンスープ,米・乾物・調味料ほか,986,2018/12/29 02:20:00,999999421,インポート可,在庫がないと注文できない
000968,ブルマンブレンド コーヒー（粉）,米・乾物・調味料ほか,850,2018/12/15 02:20:11,999999788,インポート可,在庫がないと注文できない
000969,ふる里の香 （煎茶）,米・乾物・調味料ほか,544,2018/12/15 02:20:11,999999708,インポート可,在庫がないと注文できない
000970,深海の恵み（海洋深層水）,米・乾物・調味料ほか,1764,2018/12/15 02:20:11,999999761,インポート可,在庫がないと注文できない
000971,りんごジュース（箱）,米・乾物・調味料ほか,4095,2018/12/15 02:20:11,999999936,インポート可,在庫がないと注文できない
000972,りんごジュース,米・乾物・調味料ほか,389,2018/12/15 02:20:11,999999256,インポート可,在庫がないと注文できない
000973,遠藤青汁,健康食品,3528,2018/12/15 02:20:11,999999989,インポート可,在庫がないと注文できない
000974,はちみつ黒酢,健康食品,861,2018/12/29 02:20:00,999999828,インポート可,在庫がないと注文できない
000975,マヌカハニー　UMF15+,健康食品,2415,2018/12/15 02:20:11,999999909,インポート可,在庫がないと注文できない
000976,プルーン　エキス,健康食品,819,2018/12/15 02:20:11,999999906,インポート可,在庫がないと注文できない
000977,生ローヤルゼリー,健康食品,3675,2018/12/15 02:20:11,999999948,インポート可,在庫がないと注文できない
000978,スクアレン-　G,健康食品,2310,2018/12/15 02:20:11,999999950,インポート可,在庫がないと注文できない
000979,コエンザイムQ10,健康食品,1764,2018/12/15 02:20:11,999999964,インポート可,在庫がないと注文できない
000980,DHA,健康食品,1575,2018/12/15 02:20:11,999999925,インポート可,在庫がないと注文できない
000981,うなぎタレ,水産加工品[低温解凍],10,2018/12/15 02:20:11,999999108,インポート可,在庫数によらず注文を受ける
003839,帆立貝柱,貝類,585,2018/12/15 02:20:11,0,インポート可,在庫数によらず注文を受ける
005371,（小）数の子（味付）,お刺身セット,268,2018/12/15 02:20:11,0,インポート可,在庫数によらず注文を受ける
007001,ギアナ海老　特大,えび,1785,2011/06/11 02:20:01,999999999,インポート可,在庫数によらず注文を受ける
007002,ギアナ海老　大型,えび,1680,2011/06/01 02:20:02,999999999,インポート可,在庫数によらず注文を受ける
007003,ギアナ海老　小型,えび,620,2011/06/01 02:20:02,999999999,インポート可,在庫数によらず注文を受ける
007004,イリアン海老　L,えび,798,2011/06/01 02:20:02,999999999,インポート可,在庫数によらず注文を受ける
007005,イリアン海老　M,えび,672,2011/06/01 02:20:02,999999999,インポート可,在庫数によらず注文を受ける
007006,イリアン海老　S,えび,494,2011/06/01 02:20:02,999999999,インポート可,在庫数によらず注文を受ける
007007,イリアン海老　有頭大,えび,1281,2011/06/01 02:20:02,999999999,インポート可,在庫数によらず注文を受ける
007008,（生）むきえび,えび,592,2011/06/01 02:20:02,999999999,インポート可,在庫数によらず注文を受ける
007009,浜ゆで桜海老,えび,599,2011/06/01 02:20:02,999999999,インポート可,在庫数によらず注文を受ける
007010,甘えび,えび,525,2011/06/01 02:20:02,999999998,インポート可,在庫数によらず注文を受ける
007011,大粒むきえび,えび,719,2011/06/04 02:20:01,999999998,インポート可,在庫数によらず注文を受ける
007012,シーフードミックス,かに,704,2011/06/04 02:20:01,999999999,インポート可,在庫数によらず注文を受ける
007013,たらばがに(生),かに,2688,2011/06/04 02:20:01,999999999,インポート可,在庫数によらず注文を受ける
007014,毛がに,かに,2573,2011/06/04 02:20:01,999999999,インポート可,在庫数によらず注文を受ける
007015,ずわいかに半肩,かに,588,2011/06/04 02:20:01,999999999,インポート可,在庫数によらず注文を受ける
007016,骨なし　かに棒肉,かに,557,2011/06/04 02:20:01,999999999,インポート可,在庫数によらず注文を受ける
007017,本ズワイ爪ポーション,かに,515,2011/06/04 02:20:01,999999999,インポート可,在庫数によらず注文を受ける
007018,かにほぐし身,かに,347,2011/06/04 02:20:01,999999999,インポート可,在庫数によらず注文を受ける
007019,真だこ,水産加工品,494,2011/06/04 02:20:01,999999998,インポート可,在庫数によらず注文を受ける
007020,味付たこ,水産加工品,357,2011/06/04 02:20:01,999999999,インポート可,在庫数によらず注文を受ける
007021,紋甲イカ,かに,819,2011/06/04 02:20:01,999999999,インポート可,在庫数によらず注文を受ける
007022,するめいか,かに,399,2011/06/04 02:20:01,999999999,インポート可,在庫数によらず注文を受ける
007023,ヤリイカ（小）,かに,273,2011/06/04 02:20:01,999999998,インポート可,在庫数によらず注文を受ける
007024,ヤリイカ リングカット,かに,347,2011/06/04 02:20:01,999999999,インポート可,在庫数によらず注文を受ける
007025,ボイル紋甲いかゲソ,かに,305,2011/06/04 02:20:01,999999999,インポート可,在庫数によらず注文を受ける
007026,真いかソーメン（函館）,かに,378,2011/06/04 02:20:01,999999999,インポート可,在庫数によらず注文を受ける
007027,スルメイカ（リング＆ゲソ）,かに,305,2011/06/04 02:20:01,999999998,インポート可,在庫数によらず注文を受ける
007028,いか照焼き,かに,326,2011/06/04 02:20:01,999999999,インポート可,在庫数によらず注文を受ける
007029,シマアジ,刺身,672,2011/06/04 02:20:01,999999999,インポート可,在庫数によらず注文を受ける
007030,平目刺,刺身,641,2011/06/04 02:20:01,999999998,インポート可,在庫数によらず注文を受ける
007031,鯛 刺,刺身,441,2011/06/04 02:20:01,999999999,インポート可,在庫数によらず注文を受ける
007032,カンパチ刺,刺身,494,2011/06/04 02:20:01,999999999,インポート可,在庫数によらず注文を受ける
007033,かつおたたき,刺身,389,2011/06/04 02:20:01,999999997,インポート可,在庫数によらず注文を受ける
007034,下りカツオ,刺身,473,2011/06/04 02:20:01,999999998,インポート可,在庫数によらず注文を受ける
007035,紅 刺,刺身,410,2011/06/04 02:20:01,999999999,インポート可,在庫数によらず注文を受ける
007036,びんちょうまぐろ,まぐろ,546,2011/06/04 02:20:01,999999998,インポート可,在庫数によらず注文を受ける
007037,くじら刺,刺身,473,2011/06/04 02:20:01,999999999,インポート可,在庫数によらず注文を受ける
007038,ハマチたたき,刺身,410,2011/06/04 02:20:01,999999999,インポート可,在庫数によらず注文を受ける
007039,太刀魚刺,刺身,494,2014/09/04 10:57:27,100,インポート可,在庫数によらず注文を受ける
007040,スズキ刺,刺身,452,2011/06/04 02:20:01,999999999,インポート可,在庫数によらず注文を受ける
007041,真あじ刺,刺身,368,2011/06/04 02:20:01,999999999,インポート可,在庫数によらず注文を受ける
007042,トロさんま刺,刺身,378,2011/06/04 02:20:01,999999999,インポート可,在庫数によらず注文を受ける
007043,イワシ刺,刺身,326,2011/06/04 02:20:01,999999998,インポート可,在庫数によらず注文を受ける
007044,たこの薄造り（タレ付）,刺身,347,2011/06/04 02:20:01,999999999,インポート可,在庫数によらず注文を受ける
007045,（小）数の子（味付）,お刺身セット,315,2011/06/04 02:20:01,999999999,インポート可,在庫数によらず注文を受ける
007046,イリアン海老　えび刺,お刺身セット,315,2011/06/11 02:20:01,999999999,インポート可,在庫数によらず注文を受ける
007047,（小）シマアジ,お刺身セット,315,2011/06/04 02:20:01,999999999,インポート可,在庫数によらず注文を受ける
007048,（小）甘えび,お刺身セット,315,2011/06/04 02:20:01,999999999,インポート可,在庫数によらず注文を受ける
007049,（小）メバチまぐろ赤身,お刺身セット,315,2011/06/04 02:20:01,999999999,インポート可,在庫数によらず注文を受ける
007050,（小）紅刺,お刺身セット,315,2011/06/04 02:20:01,999999999,インポート可,在庫数によらず注文を受ける
007051,（小）紋甲イカ,お刺身セット,315,2011/06/04 02:20:01,999999999,インポート可,在庫数によらず注文を受ける
007052,（小）イクラしょうゆ漬,お刺身セット,315,2011/06/04 02:20:01,999999998,インポート可,在庫数によらず注文を受ける
007053,（小）カンパチ刺,お刺身セット,315,2011/06/04 02:20:01,999999999,インポート可,在庫数によらず注文を受ける
007054,（小）帆立貝柱,お刺身セット,315,2011/06/04 02:20:01,999999998,インポート可,在庫数によらず注文を受ける
007055,（小）真だこ,お刺身セット,315,2011/06/04 02:20:01,999999999,インポート可,在庫数によらず注文を受ける
007056,（小）鯛刺,お刺身セット,315,2011/06/04 02:20:01,999999999,インポート可,在庫数によらず注文を受ける
007057,インドまぐろトロ,まぐろ,777,2011/06/04 02:20:01,999999999,インポート可,在庫数によらず注文を受ける
007058,インドまぐろ赤身,まぐろ,1208,2011/06/04 02:20:01,999999999,インポート可,在庫数によらず注文を受ける
007059,メバチまぐろ中トロ,まぐろ,1092,2011/06/04 02:20:01,999999999,インポート可,在庫数によらず注文を受ける
007060,メバチまぐろ赤身,まぐろ,777,2011/06/04 02:20:01,999999999,インポート可,在庫数によらず注文を受ける
007061,メバチまぐろ角切,まぐろ,693,2011/06/04 02:20:01,999999999,インポート可,在庫数によらず注文を受ける
007062,メバチまぐろ切落し,まぐろ,630,2011/06/04 02:20:01,999999999,インポート可,在庫数によらず注文を受ける
007063,メバチまぐろ丼の具,湯煎・レンジ編,452,2011/06/04 02:20:01,999999999,インポート可,在庫数によらず注文を受ける
007064,帆立丼の具,湯煎・レンジ編,410,2011/06/04 02:20:01,999999999,インポート可,在庫数によらず注文を受ける
007065,イカぶっかけ丼の具,湯煎・レンジ編,315,2011/06/04 02:20:01,999999998,インポート可,在庫数によらず注文を受ける
007066,ネギトロかつお丼,湯煎・レンジ編,441,2011/06/04 02:20:01,999999998,インポート可,在庫数によらず注文を受ける
007067,真鯛茶漬け（ごま風味）,湯煎・レンジ編,326,2011/06/04 02:20:01,999999999,インポート可,在庫数によらず注文を受ける
007068,真あじ茶漬け,湯煎・レンジ編,273,2011/06/04 02:20:01,999999999,インポート可,在庫数によらず注文を受ける
007069,数の子（味付）,魚卵,683,2011/06/04 02:20:01,999999999,インポート可,在庫数によらず注文を受ける
007070,白子,魚卵,494,2011/06/04 02:20:01,999999999,インポート可,在庫数によらず注文を受ける
007071,イクラしょうゆ漬（角ケース入）,魚卵,1764,2011/06/04 02:20:01,999999999,インポート可,在庫数によらず注文を受ける
007072,イクラしょうゆ漬,魚卵,735,2011/06/04 02:20:01,999999999,インポート可,在庫数によらず注文を受ける
007073,イクラ（塩）,魚卵,494,2011/06/04 02:20:01,999999999,インポート可,在庫数によらず注文を受ける
007074,筋子,魚卵,557,2011/06/04 02:20:01,999999999,インポート可,在庫数によらず注文を受ける
007075,無着色 辛子明太子,魚卵,593,2011/06/04 02:20:01,999999999,インポート可,在庫数によらず注文を受ける
007076,明太ばらこ,魚卵,410,2011/06/04 02:20:01,999999999,インポート可,在庫数によらず注文を受ける
007077,たらこ,魚卵,473,2011/06/04 02:20:01,999999999,インポート可,在庫数によらず注文を受ける
007078,たらこ（切子）,魚卵,336,2011/06/04 02:20:01,999999999,インポート可,在庫数によらず注文を受ける
007079,まぐろたたき,まぐろ,447,2011/06/04 02:20:01,999999999,インポート可,在庫数によらず注文を受ける
007080,トラウトサーモン昆布〆,水産加工品,504,2011/06/04 02:20:01,999999999,インポート可,在庫数によらず注文を受ける
007081,しめさば,水産加工品,557,2011/06/04 02:20:01,999999999,インポート可,在庫数によらず注文を受ける
007082,う に,水産加工品,677,2011/06/04 02:20:01,999999999,インポート可,在庫数によらず注文を受ける
007083,あんこう肝,水産加工品,641,2011/06/04 02:20:01,999999999,インポート可,在庫数によらず注文を受ける
007084,鯛ほぐし身,水産加工品[低温解凍],515,2011/06/04 02:20:01,999999999,インポート可,在庫数によらず注文を受ける
007085,沖メダイスモーク,水産加工品,567,2011/06/04 02:20:01,999999999,インポート可,在庫数によらず注文を受ける
007086,スモークサーモン,水産加工品,431,2011/06/04 02:20:01,999999998,インポート可,在庫数によらず注文を受ける
007087,ししゃも燻製,水産加工品,263,2011/06/04 02:20:01,999999999,インポート可,在庫数によらず注文を受ける
007088,ニシン燻製フィレ,水産加工品,441,2011/06/04 02:20:01,999999999,インポート可,在庫数によらず注文を受ける
007089,サンマ燻製,水産加工品,378,2011/06/04 02:20:01,999999999,インポート可,在庫数によらず注文を受ける
007090,石垣島もずく（三杯酢）,水産加工品,357,2011/06/04 02:20:01,999999999,インポート可,在庫数によらず注文を受ける
007091,殻付しじみ,貝類,599,2011/06/04 02:20:01,999999999,インポート可,在庫数によらず注文を受ける
007092,国産　殻付はまぐり,貝類,546,2011/06/04 02:20:01,999999999,インポート可,在庫数によらず注文を受ける
007093,国産　殻付あさり,貝類,378,2011/06/04 02:20:01,999999999,インポート可,在庫数によらず注文を受ける
007094,ムール貝,貝類,315,2011/06/04 02:20:01,999999999,インポート可,在庫数によらず注文を受ける
007095,ベビー帆立,貝類,399,2011/06/04 02:20:01,999999999,インポート可,在庫数によらず注文を受ける
007096,帆立ボイル,貝類,515,2011/06/04 02:20:01,999999999,インポート可,在庫数によらず注文を受ける
007097,加熱用かき,貝類,420,2011/06/04 02:20:01,999999999,インポート可,在庫数によらず注文を受ける
007098,ロコ貝,貝類,546,2011/06/04 02:20:01,999999999,インポート可,在庫がないと注文できない
007099,つぶ貝,貝類,378,2011/06/04 02:20:01,999999999,インポート可,在庫数によらず注文を受ける
007100,連子鯛,一尾物,294,2011/06/04 02:20:01,999999999,インポート可,在庫数によらず注文を受ける
007101,えぼ鯛,一尾物,294,2011/06/04 02:20:01,999999999,インポート可,在庫数によらず注文を受ける
007102,あゆ,一尾物,504,2011/06/04 02:20:01,999999999,インポート可,在庫数によらず注文を受ける
007103,真あじ,一尾物,273,2011/06/04 02:20:01,999999999,インポート可,在庫数によらず注文を受ける
007104,舌平目,一尾物,336,2011/06/04 02:20:01,999999999,インポート可,在庫数によらず注文を受ける
007105,さばフィレ,一尾物,389,2011/06/04 02:20:01,999999998,インポート可,在庫数によらず注文を受ける
007106,あじ開き（生）,一尾物,252,2011/06/04 02:20:01,999999999,インポート可,在庫数によらず注文を受ける
007107,いわし開き（生）,一尾物,338,2011/06/04 02:20:01,999999999,インポート可,在庫数によらず注文を受ける
007108,穴子開き　（生）,一尾物,315,2011/06/04 02:20:01,999999999,インポート可,在庫数によらず注文を受ける
007109,わかさぎ,一尾物,277,2011/06/04 02:20:01,999999999,インポート可,在庫数によらず注文を受ける
007110,うなぎ蒲焼　特大,水産加工品[低温解凍],620,2011/06/04 02:20:01,999999999,インポート可,在庫数によらず注文を受ける
007111,うなぎ蒲焼　大,水産加工品[低温解凍],557,2011/06/04 02:20:01,999999999,インポート可,在庫数によらず注文を受ける
007112,国産うなぎ蒲焼　中,水産加工品[低温解凍],1250,2011/06/10 02:20:01,999999998,インポート可,在庫数によらず注文を受ける
007113,キザミうなぎの蒲焼,水産加工品[低温解凍],596,2011/06/10 02:20:01,999999998,インポート可,在庫数によらず注文を受ける
007114,紅鮭半身（甘塩）,切身,1397,2011/06/10 02:20:01,999999999,インポート可,在庫数によらず注文を受ける
007115,時鮭中辛（２切）,切身,410,2011/06/10 02:20:01,999999998,インポート可,在庫数によらず注文を受ける
007116,時鮭中辛（３切）,切身,567,2011/06/10 02:20:01,999999999,インポート可,在庫数によらず注文を受ける
007117,紅鮭甘塩（２切）,切身,378,2011/06/10 02:20:01,999999997,インポート可,在庫数によらず注文を受ける
007118,紅鮭甘塩（３切）,切身,525,2011/06/10 02:20:01,999999999,インポート可,在庫数によらず注文を受ける
007119,金目鯛（２切）,切身,483,2011/06/10 02:20:01,999999999,インポート可,在庫数によらず注文を受ける
007120,金目鯛（４切）,切身,882,2011/06/10 02:20:01,999999999,インポート可,在庫数によらず注文を受ける
007121,銀鮭（生）（２切）,切身,305,2011/06/10 02:20:01,999999998,インポート可,在庫数によらず注文を受ける
007122,銀鮭（生）（３切）,切身,420,2011/06/10 02:20:01,999999999,インポート可,在庫数によらず注文を受ける
007123,メロー （沖むつ）（２切）,切身,651,2011/06/11 02:20:01,999999999,インポート可,在庫数によらず注文を受ける
007124,メロー （沖むつ）（３切）,切身,893,2011/06/11 02:20:01,999999999,インポート可,在庫数によらず注文を受ける
007125,銀だら（２切）,切身,557,2011/06/11 02:20:01,999999999,インポート可,在庫数によらず注文を受ける
007126,銀だら（３切）,切身,756,2011/06/11 02:20:01,999999999,インポート可,在庫数によらず注文を受ける
007127,赤魚（２切）,切身,263,2011/06/11 02:20:01,999999999,インポート可,在庫数によらず注文を受ける
007128,赤魚（３切）,切身,336,2011/06/11 02:20:01,999999999,インポート可,在庫数によらず注文を受ける
007129,メカジキ（２切）,切身,410,2011/06/11 02:20:01,999999999,インポート可,在庫数によらず注文を受ける
007130,メカジキ（３切）,切身,567,2011/06/11 02:20:01,999999999,インポート可,在庫数によらず注文を受ける
007131,真たら（２切）,切身,399,2011/06/11 02:20:01,999999998,インポート可,在庫数によらず注文を受ける
007132,真たら（３切）,切身,567,2011/06/11 02:20:01,999999999,インポート可,在庫数によらず注文を受ける
007133,さわら（２切）,切身,336,2011/06/11 02:20:01,999999999,インポート可,在庫数によらず注文を受ける
007134,さわら（３切）,切身,462,2011/06/11 02:20:01,999999999,インポート可,在庫数によらず注文を受ける
007135,ぶり（２切）,切身,473,2011/06/16 11:05:52,999999998,インポート可,在庫数によらず注文を受ける
007136,ぶり（３切）,切身,651,2011/06/11 02:20:01,999999999,インポート可,在庫数によらず注文を受ける
007137,青ヒラス（２切）,切身,347,2011/06/11 02:20:01,999999999,インポート可,在庫数によらず注文を受ける
007138,青ヒラス（３切）,切身,473,2011/06/11 02:20:01,999999999,インポート可,在庫数によらず注文を受ける
007139,子持ち 浅羽カレイ,切身,326,2011/06/11 02:20:01,999999997,インポート可,在庫数によらず注文を受ける
007140,銀かれい（２切）,切身,305,2011/06/11 02:20:01,999999999,インポート可,在庫数によらず注文を受ける
007141,銀かれい（３切）,切身,410,2011/06/11 02:20:01,999999999,インポート可,在庫数によらず注文を受ける
007142,旬あじ開き,干物,441,2011/06/11 02:20:01,999999999,インポート可,在庫数によらず注文を受ける
007143,真あじ開き干,干物,467,2011/06/11 02:20:01,999999999,インポート可,在庫数によらず注文を受ける
007144,さんま開き（氷温乾燥）,干物,368,2011/06/11 02:20:01,999999998,インポート可,在庫数によらず注文を受ける
007145,かます開き,干物,347,2011/06/11 02:20:01,999999999,インポート可,在庫数によらず注文を受ける
007146,真ほっけ開き,干物,368,2011/06/11 02:20:01,999999999,インポート可,在庫数によらず注文を受ける
007147,金目鯛開き,干物,441,2011/06/11 02:20:01,999999999,インポート可,在庫数によらず注文を受ける
007148,えぼ鯛開き,干物,336,2011/06/11 02:20:01,999999998,インポート可,在庫数によらず注文を受ける
007149,つぼ鯛フィレ干,干物,525,2011/06/11 02:20:01,999999999,インポート可,在庫数によらず注文を受ける
007150,柳かれい一夜干,干物,704,2011/06/11 02:20:01,999999999,インポート可,在庫数によらず注文を受ける
007151,宗八カレイ,干物,315,2011/06/01 02:20:02,999999999,インポート可,在庫数によらず注文を受ける
007152,本ししゃも干,干物,651,2011/06/01 02:20:02,999999999,インポート可,在庫数によらず注文を受ける
007153,子持ししゃも干,干物,315,2011/06/01 02:20:02,999999999,インポート可,在庫数によらず注文を受ける
007154,さば文化干,干物,382,2011/06/01 02:20:02,999999999,インポート可,在庫数によらず注文を受ける
007155,ほっけみりん干,干物,397,2011/06/01 02:20:02,999999999,インポート可,在庫数によらず注文を受ける
007156,さんま桜干し（みりん）,干物,410,2011/06/01 02:20:02,999999999,インポート可,在庫数によらず注文を受ける
007157,いわし味醂干,干物,389,2011/06/01 02:20:02,999999999,インポート可,在庫数によらず注文を受ける
007158,うるめ丸干,干物,357,2011/06/01 02:20:02,999999999,インポート可,在庫数によらず注文を受ける
007159,ちりめん,干物,482,2011/06/01 02:20:02,999999999,インポート可,在庫数によらず注文を受ける
007160,釜上ちりめん,干物,368,2011/06/01 02:20:02,999999998,インポート可,在庫数によらず注文を受ける
007161,野沢菜ちりめん,水産加工品[低温解凍],336,2011/06/01 02:20:02,999999999,インポート可,在庫数によらず注文を受ける
007162,メローみそ漬,漬魚,504,2011/06/01 02:20:02,999999998,インポート可,在庫数によらず注文を受ける
007163,銀ダラみそ漬,漬魚,504,2011/06/01 02:20:02,999999998,インポート可,在庫数によらず注文を受ける
007164,紅鮭西京漬,漬魚,315,2011/06/01 02:20:02,999999999,インポート可,在庫数によらず注文を受ける
007165,メカジキハラス西京漬,漬魚,305,2011/06/01 02:20:02,999999999,インポート可,在庫数によらず注文を受ける
007166,青ヒラス西京漬,漬魚,315,2011/06/01 02:20:02,999999999,インポート可,在庫数によらず注文を受ける
007167,さわら西京漬,漬魚,357,2011/06/01 02:20:02,999999999,インポート可,在庫数によらず注文を受ける
007168,銀鮭粕漬,漬魚,315,2011/06/01 02:20:02,999999999,インポート可,在庫数によらず注文を受ける
007169,金目鯛粕漬,漬魚,357,2011/06/01 02:20:02,999999999,インポート可,在庫数によらず注文を受ける
007170,赤魚粕漬,漬魚,252,2011/06/01 02:20:02,999999999,インポート可,在庫数によらず注文を受ける
007171,めぬけ粕漬,漬魚,336,2011/06/01 02:20:02,999999999,インポート可,在庫数によらず注文を受ける
007172,銀かれい醤油漬,漬魚,273,2011/06/01 02:20:02,999999998,インポート可,在庫数によらず注文を受ける
007173,ぶり醤油漬,漬魚,368,2011/06/01 02:20:02,999999999,インポート可,在庫数によらず注文を受ける
007174,サーモンハラス照焼き（山椒風味）,漬魚,294,2011/06/01 02:20:02,999999998,インポート可,在庫数によらず注文を受ける
007175,さわらバジルオイル漬,漬魚,315,2011/06/01 02:20:02,999999999,インポート可,在庫数によらず注文を受ける
007176,カキ飯の素,水産加工品[低温解凍],431,2011/06/01 02:20:02,999999999,インポート可,在庫数によらず注文を受ける
007177,帆立飯の素,水産加工品[低温解凍],357,2011/06/01 02:20:02,999999999,インポート可,在庫数によらず注文を受ける
007178,きびなご南蛮漬,水産加工品[低温解凍],389,2011/06/01 02:20:02,999999998,インポート可,在庫数によらず注文を受ける
007179,豆あじ南蛮漬,水産加工品[低温解凍],294,2011/06/01 02:20:02,999999999,インポート可,在庫数によらず注文を受ける
007180,にしん昆布巻,水産加工品[低温解凍],578,2011/06/01 02:20:02,999999999,インポート可,在庫数によらず注文を受ける
007181,金ごまいわし,水産加工品[低温解凍],504,2011/06/01 02:20:02,999999999,インポート可,在庫数によらず注文を受ける
007182,骨ごと小鯛うす塩焼,水産加工品[低温解凍],567,2011/06/01 02:20:02,999999999,インポート可,在庫数によらず注文を受ける
007183,さば塩焼,水産加工品[低温解凍],389,2011/06/01 02:20:02,999999999,インポート可,在庫数によらず注文を受ける
007184,焼き穴子,水産加工品[低温解凍],441,2011/06/01 02:20:02,999999999,インポート可,在庫数によらず注文を受ける
007185,焼き穴子キザミ,水産加工品[低温解凍],504,2011/06/01 02:20:02,999999998,インポート可,在庫数によらず注文を受ける
007186,さわら味噌煮,水産加工品[低温解凍],525,2011/06/01 02:20:02,999999999,インポート可,在庫数によらず注文を受ける
007187,サバ味噌煮,水産加工品[低温解凍],294,2011/06/01 02:20:02,999999997,インポート可,在庫数によらず注文を受ける
007188,サバ甘酢あんかけ,水産加工品[低温解凍],420,2011/06/01 02:20:02,999999999,インポート可,在庫数によらず注文を受ける
007189,浅羽カレイ煮付,水産加工品[低温解凍],399,2011/06/01 02:20:02,999999999,インポート可,在庫数によらず注文を受ける
007190,ちりめん山椒,水産加工品[低温解凍],378,2011/06/01 02:20:02,999999999,インポート可,在庫数によらず注文を受ける
007191,小女子佃煮（クルミ入り）,水産加工品[低温解凍],294,2011/06/01 02:20:02,999999999,インポート可,在庫数によらず注文を受ける
007192,えび入りすり身,水産加工品[低温解凍],431,2011/06/01 02:20:02,999999999,インポート可,在庫数によらず注文を受ける
007193,いわしたたき身,水産加工品[低温解凍],525,2011/06/01 02:20:02,999999999,インポート可,在庫数によらず注文を受ける
007194,黒毛和牛　焼肉用カルビ,黒毛和牛,2163,2011/06/01 02:20:02,999999999,インポート可,在庫数によらず注文を受ける
007195,黒毛和牛　焼肉用もも肉,黒毛和牛,1260,2011/06/01 02:20:02,999999999,インポート可,在庫数によらず注文を受ける
007196,黒毛和牛　肩ロースしゃぶしゃぶ用,黒毛和牛,2016,2011/06/01 02:20:02,999999999,インポート可,在庫数によらず注文を受ける
007197,黒毛和牛　肩ロースすき焼き用,黒毛和牛,1974,2011/06/01 02:20:02,999999999,インポート可,在庫数によらず注文を受ける
007198,黒毛和牛　サーロインステーキ,黒毛和牛,2289,2011/06/01 02:20:02,999999999,インポート可,在庫数によらず注文を受ける
007199,国産　牛焼肉用カルビ,牛肉,1071,2011/06/01 02:20:02,999999998,インポート可,在庫数によらず注文を受ける
007200,国産　牛焼肉用ロース,牛肉,1344,2011/06/01 02:20:02,999999999,インポート可,在庫数によらず注文を受ける
007201,国産　牛肩ロースしゃぶしゃぶ用,牛肉,1239,2011/06/01 02:20:02,999999999,インポート可,在庫数によらず注文を受ける
007202,国産　牛肩ロースすき焼き用,牛肉,1218,2011/06/01 02:20:02,999999999,インポート可,在庫数によらず注文を受ける
007203,国産　牛ももしゃぶしゃぶ用,牛肉,1092,2011/06/01 02:20:02,999999999,インポート可,在庫数によらず注文を受ける
007204,国産　牛切落し,牛肉,672,2011/06/01 02:20:02,999999998,インポート可,在庫数によらず注文を受ける
007205,国産　牛サーロインステーキ,牛肉,1628,2011/06/01 02:20:02,999999998,インポート可,在庫数によらず注文を受ける
007206,国産　牛サイコロステーキ,牛肉,1050,2011/06/01 02:20:02,999999999,インポート可,在庫数によらず注文を受ける
007207,国産　牛カレーシチュー用,牛肉,756,2011/06/01 02:20:02,999999998,インポート可,在庫数によらず注文を受ける
007208,国産　牛タタキ,牛肉,935,2011/06/01 02:20:02,999999998,インポート可,在庫数によらず注文を受ける
007209,国産　牛ミンチ,牛肉,578,2011/06/01 02:20:02,999999999,インポート可,在庫数によらず注文を受ける
007210,国産　合挽きミンチ,牛肉,336,2011/06/01 02:20:02,999999999,インポート可,在庫数によらず注文を受ける
007211,国産　豚ヒレブロック,豚肉,868,2011/06/01 02:20:02,999999998,インポート可,在庫数によらず注文を受ける
007212,国産　豚ロース切身,豚肉,498,2011/06/01 02:20:02,999999999,インポート可,在庫数によらず注文を受ける
007213,国産　豚肩ローススライス,豚肉,467,2011/06/01 02:20:02,999999998,インポート可,在庫数によらず注文を受ける
007214,国産　豚ももスライス,豚肉,378,2011/06/01 02:20:02,999999998,インポート可,在庫数によらず注文を受ける
007215,国産　豚バラスライス,豚肉,382,2011/06/01 02:20:02,999999998,インポート可,在庫数によらず注文を受ける
007216,国産　豚バラしゃぶしゃぶ用,豚肉,399,2011/06/01 02:20:02,999999998,インポート可,在庫数によらず注文を受ける
007217,国産　豚小間切れ,豚肉,326,2011/06/01 02:20:02,999999998,インポート可,在庫数によらず注文を受ける
007218,国産　豚ミンチ,豚肉,252,2011/06/01 02:20:02,999999998,インポート可,在庫数によらず注文を受ける
007219,上州ステビア　豚ロース厚切,上州ステビア豚,588,2011/06/01 02:20:02,999999999,インポート可,在庫数によらず注文を受ける
007220,上州ステビア　豚ローススライス,上州ステビア豚,588,2011/06/01 02:20:02,999999999,インポート可,在庫数によらず注文を受ける
007221,上州ステビア　豚ロースしゃぶしゃぶ用,上州ステビア豚,599,2011/06/01 02:20:02,999999999,インポート可,在庫数によらず注文を受ける
007222,上州ステビア　豚肩ローススライス,上州ステビア豚,557,2011/06/01 02:20:02,999999998,インポート可,在庫数によらず注文を受ける
007223,上州ステビア豚肩ロース切落し,上州ステビア豚,504,2011/06/01 02:20:02,999999999,インポート可,在庫数によらず注文を受ける
007224,上州ステビア　豚バラスライス,上州ステビア豚,462,2011/06/01 02:20:02,999999999,インポート可,在庫数によらず注文を受ける
007225,上州ステビア　豚ももスライス,上州ステビア豚,441,2011/06/01 02:20:02,999999998,インポート可,在庫数によらず注文を受ける
007226,上州ステビア　豚小間切れ,上州ステビア豚,399,2011/06/01 02:20:02,999999999,インポート可,在庫数によらず注文を受ける
007227,馬刺タタキ,馬肉,1040,2011/06/01 02:20:02,999999999,インポート可,在庫数によらず注文を受ける
007228,馬刺ロース,馬肉,620,2011/06/01 02:20:02,999999999,インポート可,在庫数によらず注文を受ける
007229,えばらハーブ豚未来セット,豚肉,3413,2011/06/01 02:20:02,999999999,インポート可,在庫数によらず注文を受ける
007230,えばらハーブ未来豚ロース味噌漬,豚肉,672,2011/06/01 02:20:02,999999999,インポート可,在庫数によらず注文を受ける
007231,ハーブ未来豚切落し味噌漬,豚肉,546,2011/06/01 02:20:02,999999999,インポート可,在庫数によらず注文を受ける
007232,ポークソーセージ,ﾊﾑ・ﾍﾞｰｺﾝ・ｿｰｾｰｼﾞ,431,2011/06/01 02:20:02,999999999,インポート可,在庫数によらず注文を受ける
007233,トッピング生ハム,ﾊﾑ・ﾍﾞｰｺﾝ・ｿｰｾｰｼﾞ,427,2011/06/01 02:20:02,999999999,インポート可,在庫数によらず注文を受ける
007234,生ベーコン短冊カット,ﾊﾑ・ﾍﾞｰｺﾝ・ｿｰｾｰｼﾞ,546,2011/06/01 02:20:02,999999999,インポート可,在庫数によらず注文を受ける
007235,無添加　ベーコン,ﾊﾑ・ﾍﾞｰｺﾝ・ｿｰｾｰｼﾞ,426,2011/06/01 02:20:02,999999998,インポート可,在庫数によらず注文を受ける
007236,無添加　ポークソーセージ,ﾊﾑ・ﾍﾞｰｺﾝ・ｿｰｾｰｼﾞ,546,2011/06/01 02:20:02,999999999,インポート可,在庫数によらず注文を受ける
007237,魚沼産健康豚生ウインナー,ﾊﾑ・ﾍﾞｰｺﾝ・ｿｰｾｰｼﾞ,389,2011/06/01 02:20:02,999999999,インポート可,在庫数によらず注文を受ける
007238,魚沼産健康豚の焼豚スライス,ﾊﾑ・ﾍﾞｰｺﾝ・ｿｰｾｰｼﾞ,389,2011/06/01 02:20:02,999999999,インポート可,在庫数によらず注文を受ける
007239,知床鶏　もも正肉,鶏肉,630,2011/06/01 02:20:02,999999998,インポート可,在庫数によらず注文を受ける
007240,国産　鶏もも正肉,鶏肉,735,2011/06/01 02:20:02,999999999,インポート可,在庫数によらず注文を受ける
007241,国産　鶏むね肉,鶏肉,298,2011/06/01 02:20:02,999999999,インポート可,在庫数によらず注文を受ける
007242,国産　鶏ささ身,鶏肉,317,2011/06/01 02:20:02,999999999,インポート可,在庫数によらず注文を受ける
007243,みつせ鶏　ささ身,みつせ鶏,578,2011/06/01 02:20:02,999999999,インポート可,在庫数によらず注文を受ける
007244,みつせ鶏　ミンチ,みつせ鶏,452,2011/06/01 02:20:02,999999999,インポート可,在庫数によらず注文を受ける
007245,国産　鶏手羽先,鶏肉,372,2011/06/01 02:20:02,999999999,インポート可,在庫数によらず注文を受ける
007246,国産　鶏手羽元,鶏肉,355,2011/06/01 02:20:02,999999998,インポート可,在庫数によらず注文を受ける
007247,国産　鶏レバー,鶏肉,272,2011/06/01 02:20:02,999999998,インポート可,在庫数によらず注文を受ける
007248,国産　やきとりセット,鶏肉,441,2011/06/01 02:20:02,999999999,インポート可,在庫数によらず注文を受ける
007249,みつせ鶏　肉だんご,みつせ鶏,588,2011/06/01 02:20:02,999999998,インポート可,在庫数によらず注文を受ける
007250,みつせ鶏　豆腐ハンバーグ,みつせ鶏,420,2011/06/01 02:20:02,999999998,インポート可,在庫数によらず注文を受ける
007251,みつせ鶏　焼きつくね,みつせ鶏,420,2011/06/01 02:20:02,999999998,インポート可,在庫数によらず注文を受ける
007252,みつせ鶏　レンコンはさみ焼,みつせ鶏,441,2011/06/01 02:20:02,999999999,インポート可,在庫数によらず注文を受ける
007253,みつせ鶏　甘ったれ焼,みつせ鶏,441,2011/06/01 02:20:02,999999998,インポート可,在庫数によらず注文を受ける
007254,牛焼肉味付カルビ,牛肉,630,2011/06/01 02:20:02,999999999,インポート可,在庫数によらず注文を受ける
007255,牛すじ角煮込み,牛肉,420,2011/06/01 02:20:02,999999999,インポート可,在庫数によらず注文を受ける
007256,豚ロースXO醤タレ漬,豚肉,420,2011/06/01 02:20:02,999999999,インポート可,在庫数によらず注文を受ける
007257,豚ロース生姜焼,豚肉,399,2011/06/01 02:20:02,999999999,インポート可,在庫数によらず注文を受ける
007258,豚肉西京味噌漬,豚肉,347,2011/06/01 02:20:02,999999999,インポート可,在庫数によらず注文を受ける
007259,魚沼健康豚ねぎ味噌漬,豚肉,473,2011/06/01 02:20:02,999999999,インポート可,在庫数によらず注文を受ける
007260,魚沼健康豚チーズ入りプチ生ハンバーグ,豚肉,336,2011/06/01 02:20:02,999999999,インポート可,在庫数によらず注文を受ける
007261,ポテトとチーズの豚肉巻き,豚肉,399,2011/06/01 02:20:02,999999998,インポート可,在庫数によらず注文を受ける
007262,豚肉のハッシュドポテト巻き,豚肉,347,2011/06/01 02:20:02,999999999,インポート可,在庫数によらず注文を受ける
007263,国産豚味付けレバー,豚肉,336,2011/06/01 02:20:02,999999999,インポート可,在庫数によらず注文を受ける
007264,味噌ホルモン,和惣菜,310,2011/06/01 02:20:02,999999999,インポート可,在庫数によらず注文を受ける
007265,国産鶏もつ煮（レバー・ハツ）,鶏肉,399,2011/06/01 02:20:02,999999999,インポート可,在庫数によらず注文を受ける
007266,鶏レバー甘辛煮,鶏肉,452,2011/06/01 02:20:02,999999999,インポート可,在庫数によらず注文を受ける
007267,鶏もも照焼スライス,和惣菜,394,2011/06/01 02:20:02,999999998,インポート可,在庫数によらず注文を受ける
007268,神山鶏甘酢あんかけ,中華惣菜,546,2011/06/01 02:20:02,999999999,インポート可,在庫数によらず注文を受ける
007269,ありたどりつくね串,和惣菜,452,2011/06/01 02:20:02,999999999,インポート可,在庫数によらず注文を受ける
007270,鶏そぼろ,鶏肉,431,2011/06/01 02:20:02,999999999,インポート可,在庫数によらず注文を受ける
007271,蒸し鶏,鶏肉,284,2011/06/01 02:20:02,999999999,インポート可,在庫数によらず注文を受ける
007272,鮮蝦餃（エビ蒸し餃子）,本格中華点心,494,2011/06/01 02:20:02,999999999,インポート可,在庫数によらず注文を受ける
007273,広東煎餃（広東風焼き餃子）,本格中華点心,399,2011/06/01 02:20:02,999999999,インポート可,在庫数によらず注文を受ける
007274,広東焼売,本格中華点心,441,2011/06/01 02:20:02,999999999,インポート可,在庫数によらず注文を受ける
007275,蓮葉糯米鶏（おこわの蓮の葉包み）,本格中華点心,641,2011/06/01 02:20:02,999999999,インポート可,在庫数によらず注文を受ける
007276,蟹爪（カニ爪揚げ）,本格中華点心,578,2011/06/01 02:20:02,999999999,インポート可,在庫数によらず注文を受ける
007277,叉焼包（チャーシュー肉まん）,本格中華点心,441,2011/06/01 02:20:02,999999999,インポート可,在庫数によらず注文を受ける
007278,迷?芝麻包（ミニゴマあんまん）,本格中華点心,326,2011/06/01 02:20:02,999999998,インポート可,在庫数によらず注文を受ける
007279,蓮蓉湯圓（蓮の実あん茹で団子）,本格中華点心,336,2011/06/01 02:20:02,999999999,インポート可,在庫数によらず注文を受ける
007280,ハーヤンシューマイ,中華惣菜,494,2011/06/01 02:20:02,999999999,インポート可,在庫数によらず注文を受ける
007281,フーロンシューマイ,中華惣菜,462,2011/06/01 02:20:02,999999999,インポート可,在庫数によらず注文を受ける
007282,ジャンボ餃子,中華惣菜,410,2011/06/01 02:20:02,999999999,インポート可,在庫数によらず注文を受ける
007283,しそ巻き棒餃子,中華惣菜,357,2011/06/01 02:20:02,999999999,インポート可,在庫数によらず注文を受ける
007284,レンジでも餃子,中華惣菜,284,2011/06/01 02:20:02,999999999,インポート可,在庫数によらず注文を受ける
007285,黒豚餃子,中華惣菜,399,2011/06/01 02:20:02,999999998,インポート可,在庫数によらず注文を受ける
007286,肉団子甘酢あんかけ,中華惣菜,375,2011/06/01 02:20:02,999999999,インポート可,在庫数によらず注文を受ける
007287,豚の角煮,中華惣菜,494,2011/06/01 02:20:02,999999999,インポート可,在庫数によらず注文を受ける
007288,黒豚春巻,中華惣菜,368,2011/06/01 02:20:02,999999998,インポート可,在庫数によらず注文を受ける
007289,春巻,中華惣菜,273,2011/06/01 02:20:02,999999999,インポート可,在庫数によらず注文を受ける
007290,えびチリソース,中華惣菜,357,2011/06/01 02:20:02,999999999,インポート可,在庫数によらず注文を受ける
007291,鶏胸肉のカシューナッツ炒め,中華惣菜,473,2011/06/01 02:20:02,999999998,インポート可,在庫数によらず注文を受ける
007292,四川風麻婆茄子,中華惣菜,399,2011/06/01 02:20:02,999999998,インポート可,在庫数によらず注文を受ける
007293,四川風麻婆豆腐,中華惣菜,399,2011/06/01 02:20:02,999999999,インポート可,在庫数によらず注文を受ける
007294,酢豚,中華惣菜,483,2011/06/01 02:20:02,999999999,インポート可,在庫数によらず注文を受ける
007295,小龍包,中華惣菜,326,2011/06/01 02:20:02,999999999,インポート可,在庫数によらず注文を受ける
007296,えびワンタン（スープ付）,中華惣菜,538,2011/06/01 02:20:02,999999999,インポート可,在庫数によらず注文を受ける
007297,坦々春雨,中華惣菜,378,2011/06/01 02:20:02,999999999,インポート可,在庫数によらず注文を受ける
007298,とろろゆば茶巾,和惣菜,357,2011/06/01 02:20:02,999999999,インポート可,在庫数によらず注文を受ける
007299,芽かぶ入り玄米とろろ,和惣菜,441,2011/06/01 02:20:02,999999999,インポート可,在庫数によらず注文を受ける
007300,京風ゆば包み,和惣菜,475,2011/06/01 02:20:02,999999999,インポート可,在庫数によらず注文を受ける
007301,五目揚げ豆腐,和惣菜,389,2011/06/01 02:20:02,999999997,インポート可,在庫数によらず注文を受ける
007302,味付高野豆腐,和惣菜,252,2011/06/01 02:20:02,999999999,インポート可,在庫数によらず注文を受ける
007303,高野とがんもの含め煮,和惣菜,315,2011/06/01 02:20:02,999999999,インポート可,在庫数によらず注文を受ける
007304,大学いも,和惣菜,562,2011/06/01 02:20:02,999999999,インポート可,在庫数によらず注文を受ける
007305,国産　うの花,和惣菜,252,2011/06/01 02:20:02,999999999,インポート可,在庫数によらず注文を受ける
007306,国産　大豆煮,和惣菜,284,2011/06/01 02:20:02,999999999,インポート可,在庫数によらず注文を受ける
007307,ひじき豆炊き合せ,和惣菜,347,2011/06/01 02:20:02,999999999,インポート可,在庫数によらず注文を受ける
007308,ししゃもっこモロヘイヤ,和惣菜,368,2011/06/01 02:20:02,999999999,インポート可,在庫数によらず注文を受ける
007309,牛肉入り金平ごぼう,和惣菜,410,2011/06/01 02:20:02,999999998,インポート可,在庫数によらず注文を受ける
007310,たけのこの土佐煮,和惣菜,399,2011/06/01 02:20:02,999999999,インポート可,在庫数によらず注文を受ける
007311,しいたけうま煮,和惣菜,399,2011/06/01 02:20:02,999999999,インポート可,在庫数によらず注文を受ける
007312,国産ロールキャベツ,和惣菜,494,2011/06/01 02:20:02,999999999,インポート可,在庫数によらず注文を受ける
007313,いなり寿司皮,和惣菜,438,2011/06/01 02:20:02,999999998,インポート可,在庫数によらず注文を受ける
007314,南高梅　紀州梅干,和惣菜,1113,2011/06/01 02:20:02,999999999,インポート可,在庫数によらず注文を受ける
007315,紀州南高梅,和惣菜,399,2011/06/01 02:20:02,999999999,インポート可,在庫数によらず注文を受ける
007316,デミソースdeハンバーグ,洋惣菜,483,2011/06/01 02:20:02,999999999,インポート可,在庫数によらず注文を受ける
007317,和風ソースdeハンバーグ,洋惣菜,483,2011/06/01 17:22:36,999999999,インポート可,在庫数によらず注文を受ける
007318,JGハンバーグステーキ,洋惣菜,440,2011/06/01 02:20:02,999999999,インポート可,在庫数によらず注文を受ける
007319,チキンと野菜のミニハンバーグ,洋惣菜,357,2011/06/01 02:20:02,999999999,インポート可,在庫数によらず注文を受ける
007320,海老とチーズのグラタン,洋惣菜,578,2011/06/01 02:20:02,999999999,インポート可,在庫数によらず注文を受ける
007321,ポテト＆ベーコングラタン,洋惣菜,557,2011/06/01 02:20:02,999999999,インポート可,在庫数によらず注文を受ける
007322,ビーフシチュー,洋惣菜,452,2011/06/01 02:20:02,999999999,インポート可,在庫数によらず注文を受ける
007323,こだわり極上ビーフカレー,洋惣菜,441,2011/06/01 02:20:02,999999999,インポート可,在庫数によらず注文を受ける
007324,ハヤシソース,洋惣菜,410,2011/06/01 02:20:02,999999999,インポート可,在庫数によらず注文を受ける
007325,茄子カレー,洋惣菜,452,2011/06/01 02:20:02,999999999,インポート可,在庫数によらず注文を受ける
007326,ミニクロワッサン,軽食,557,2011/06/01 02:20:02,999999999,インポート可,在庫数によらず注文を受ける
007327,ハッシュドポテト,軽食,284,2011/06/01 02:20:02,999999999,インポート可,在庫数によらず注文を受ける
007328,ポテトチーズもち,軽食,273,2011/06/01 02:20:02,999999999,インポート可,在庫数によらず注文を受ける
007329,たこ焼き,軽食,454,2011/06/01 02:20:02,999999998,インポート可,在庫数によらず注文を受ける
007330,ホットケーキセット（マーガリン・シロ,軽食,441,2011/06/01 02:20:02,999999999,インポート可,在庫数によらず注文を受ける
007331,ミニアップルパイ,軽食,294,2011/06/01 02:20:02,999999999,インポート可,在庫数によらず注文を受ける
007332,6種のチーズピザ,軽食,579,2011/06/01 02:20:02,999999999,インポート可,在庫数によらず注文を受ける
007333,3種のシーフードピザ,軽食,599,2011/06/01 02:20:02,999999999,インポート可,在庫数によらず注文を受ける
007334,バジル＆トマトピザ,軽食,579,2011/06/01 02:20:02,999999999,インポート可,在庫数によらず注文を受ける
007335,ミックスピザ,軽食,558,2011/06/01 02:20:02,999999999,インポート可,在庫数によらず注文を受ける
007336,チーズINベーコンチキンカツ,揚物,473,2011/06/01 02:20:02,999999999,インポート可,在庫数によらず注文を受ける
007337,ヒレカツ,揚物,382,2011/06/01 02:20:02,999999999,インポート可,在庫数によらず注文を受ける
007338,上州ステビア豚メンチカツ,揚物,389,2011/06/01 02:20:02,999999999,インポート可,在庫数によらず注文を受ける
007339,上州ステビア豚ロースカツ,揚物,504,2011/06/01 02:20:02,999999999,インポート可,在庫数によらず注文を受ける
007340,黒毛和牛コロッケ,揚物,389,2011/06/01 02:20:02,999999999,インポート可,在庫数によらず注文を受ける
007341,北海道サクサクコロッケ（牛肉）,揚物,452,2011/06/01 02:20:02,999999998,インポート可,在庫数によらず注文を受ける
007342,えびフライ,揚物,378,2011/06/01 02:20:02,999999998,インポート可,在庫数によらず注文を受ける
007343,イカフライ,揚物,389,2011/06/01 02:20:02,999999999,インポート可,在庫数によらず注文を受ける
007344,あじフライ,揚物,420,2011/06/01 02:20:02,999999999,インポート可,在庫数によらず注文を受ける
007345,カニクリームコロッケ,揚物,452,2011/06/01 02:20:02,999999999,インポート可,在庫数によらず注文を受ける
007346,クリーミーグラタンフライ,揚物,294,2011/06/01 02:20:02,999999999,インポート可,在庫数によらず注文を受ける
007347,一口コロッケ（カレー）,揚物,305,2011/06/01 02:20:02,999999998,インポート可,在庫数によらず注文を受ける
007348,若鶏もも唐揚,揚物,441,2011/06/01 02:20:02,999999999,インポート可,在庫数によらず注文を受ける
007349,ししゃも唐揚,揚物,378,2011/06/01 02:20:02,999999999,インポート可,在庫数によらず注文を受ける
007350,完熟トマトのスープご飯,麺・丼物,420,2011/06/01 02:20:02,999999999,インポート可,在庫数によらず注文を受ける
007351,白湯・鶏スープご飯,麺・丼物,420,2011/06/01 02:20:02,999999999,インポート可,在庫数によらず注文を受ける
007352,ます寿司,麺・丼物,651,2011/06/01 02:20:02,999999999,インポート可,在庫数によらず注文を受ける
007353,柿の葉ずし,麺・丼物,599,2011/06/01 02:20:02,999999999,インポート可,在庫数によらず注文を受ける
007354,押し穴子寿司,麺・丼物,462,2011/06/01 02:20:02,999999999,インポート可,在庫数によらず注文を受ける
007355,中華丼の具（塩味）,麺・丼物,452,2011/06/01 02:20:02,999999999,インポート可,在庫数によらず注文を受ける
007356,牛丼の具,麺・丼物,567,2011/06/01 02:20:02,999999999,インポート可,在庫数によらず注文を受ける
007357,角煮丼の具,麺・丼物,525,2011/06/01 02:20:02,999999999,インポート可,在庫数によらず注文を受ける
007358,イベリコ豚重の素,麺・丼物,525,2011/06/01 02:20:02,999999999,インポート可,在庫数によらず注文を受ける
007359,牛すき焼き重の素,麺・丼物,504,2011/06/01 02:20:02,999999999,インポート可,在庫数によらず注文を受ける
007360,天津飯の具,麺・丼物,578,2011/06/01 02:20:02,999999999,インポート可,在庫数によらず注文を受ける
007361,プチ焼おにぎり（おかか）,麺・丼物,410,2011/06/01 02:20:02,999999998,インポート可,在庫数によらず注文を受ける
007362,一口鶏おこわ,麺・丼物,399,2011/06/01 02:20:02,999999999,インポート可,在庫数によらず注文を受ける
007363,栗おこわ,麺・丼物,273,2011/06/01 02:20:02,999999998,インポート可,在庫数によらず注文を受ける
007364,中華肉ちまき（松の実入り）,麺・丼物,672,2011/06/01 02:20:02,999999999,インポート可,在庫数によらず注文を受ける
007365,焼きおにぎり（山菜）,麺・丼物,651,2011/06/01 02:20:02,999999999,インポート可,在庫数によらず注文を受ける
007366,焼きおにぎり,麺・丼物,644,2011/06/01 02:20:02,999999998,インポート可,在庫数によらず注文を受ける
007367,肉巻きおにぎり,麺・丼物,588,2011/06/01 02:20:02,999999999,インポート可,在庫数によらず注文を受ける
007368,えびピラフ,ピラフ,242,2011/06/01 02:20:02,999999999,インポート可,在庫数によらず注文を受ける
007369,ドライカレー,ピラフ,242,2011/06/01 02:20:02,999999999,インポート可,在庫数によらず注文を受ける
007370,チキンライス,ピラフ,242,2011/06/01 02:20:02,999999999,インポート可,在庫数によらず注文を受ける
007371,焼豚炒飯,ピラフ,242,2011/06/01 02:20:02,999999999,インポート可,在庫数によらず注文を受ける
007372,高菜ピラフ,ピラフ,242,2011/06/01 02:20:02,999999999,インポート可,在庫数によらず注文を受ける
007373,4種のきのこピラフ,ピラフ,242,2011/06/01 02:20:02,999999998,インポート可,在庫数によらず注文を受ける
007374,桜えびごはん（麦入り）,ピラフ,231,2011/06/01 02:20:02,999999998,インポート可,在庫数によらず注文を受ける
007375,鶏五目ごはん（五穀入り）,ピラフ,231,2011/06/01 02:20:02,999999999,インポート可,在庫数によらず注文を受ける
007376,八穀ご飯,ピラフ,221,2011/06/01 02:20:02,999999999,インポート可,在庫数によらず注文を受ける
007377,梅ごはん（発芽玄米入り）,ピラフ,231,2011/06/01 02:20:02,999999998,インポート可,在庫数によらず注文を受ける
007378,じゃこご飯（麦入り）,ピラフ,231,2011/06/01 02:20:02,999999999,インポート可,在庫数によらず注文を受ける
007379,ひじきご飯（発芽玄米入り）,ピラフ,231,2011/06/01 02:20:02,999999999,インポート可,在庫数によらず注文を受ける
007380,茄子とトマトのスパゲティ,パスタ【まとめ割】,294,2011/06/01 02:20:02,999999999,インポート可,在庫数によらず注文を受ける
007381,きのこスパゲティ,パスタ【まとめ割】,294,2011/06/01 02:20:02,999999999,インポート可,在庫数によらず注文を受ける
007382,たらこスパゲティ,パスタ【まとめ割】,294,2011/06/01 02:20:02,999999999,インポート可,在庫数によらず注文を受ける
007383,スパゲティミートソース,パスタ【まとめ割】,294,2011/06/01 02:20:02,999999999,インポート可,在庫数によらず注文を受ける
007384,スパゲティカルボナーラソース,パスタ【まとめ割】,294,2011/06/01 02:20:02,999999999,インポート可,在庫数によらず注文を受ける
007385,牛挽肉のピリ辛醤油スパゲティ,パスタ【まとめ割】,294,2011/06/01 02:20:02,999999999,インポート可,在庫数によらず注文を受ける
007386,スパゲティペペロンチーノ,パスタ【まとめ割】,294,2011/06/01 02:20:02,999999999,インポート可,在庫数によらず注文を受ける
007387,スパゲティナポリタン,パスタ【まとめ割】,294,2011/06/01 02:20:02,999999999,インポート可,在庫数によらず注文を受ける
007388,うどん屋さんのうどん,全24品【まとめ割】,422,2011/06/01 02:20:02,999999999,インポート可,在庫数によらず注文を受ける
007389,焼うどん（醤油味）,全24品【まとめ割】,494,2011/06/01 02:20:02,999999999,インポート可,在庫数によらず注文を受ける
007390,きつねうどんセット,全24品【まとめ割】,294,2011/06/01 02:20:02,999999999,インポート可,在庫数によらず注文を受ける
007391,醤油ラーメンセット,全24品【まとめ割】,294,2011/06/01 02:20:02,999999999,インポート可,在庫数によらず注文を受ける
007392,ちゃんぽんセット,全24品【まとめ割】,357,2011/06/01 02:20:02,999999997,インポート可,在庫数によらず注文を受ける
007393,お好みソース焼そば,全24品【まとめ割】,693,2011/06/01 02:20:02,999999999,インポート可,在庫数によらず注文を受ける
007394,調理焼ビーフン,全24品【まとめ割】,294,2011/06/01 02:20:02,999999999,インポート可,在庫数によらず注文を受ける
007395,桜餅,和菓子,326,2011/06/01 02:20:02,999999999,インポート可,在庫数によらず注文を受ける
007396,笹カスタード,和菓子,357,2011/06/01 02:20:02,999999998,インポート可,在庫数によらず注文を受ける
007397,たいやき（小倉餡）,和菓子,494,2011/06/01 02:20:02,999999998,インポート可,在庫数によらず注文を受ける
007398,ミニおはぎ,和菓子,386,2011/06/01 02:20:02,999999999,インポート可,在庫数によらず注文を受ける
007399,ベイクドチーズケーキ,洋菓子,588,2011/06/01 02:20:02,999999999,インポート可,在庫数によらず注文を受ける
007400,渋皮栗モンブラン,洋菓子,672,2011/06/01 02:20:02,999999999,インポート可,在庫数によらず注文を受ける
007401,ダブルチーズモンブラン,洋菓子,630,2011/06/01 02:20:02,999999999,インポート可,在庫数によらず注文を受ける
007402,柚子と豆乳のレアチーズ,洋菓子,473,2011/06/01 02:20:02,999999999,インポート可,在庫数によらず注文を受ける
007403,チョコレートケーキ倶楽部,洋菓子,641,2011/06/01 02:20:02,999999998,インポート可,在庫数によらず注文を受ける
007404,スィートポテト,洋菓子,483,2011/06/01 02:20:02,999999999,インポート可,在庫数によらず注文を受ける
007405,クワトロベリートルテ,洋菓子,654,2011/06/01 02:20:02,999999999,インポート可,在庫数によらず注文を受ける
007406,シューアイス【量目訂正200g（3個）】,洋菓子,473,2011/06/01 02:20:02,999999999,インポート可,在庫数によらず注文を受ける
007407,抹茶生チョコアイス,洋菓子,441,2011/06/01 02:20:02,999999999,インポート可,在庫数によらず注文を受ける
007408,生チョコアイス,洋菓子,431,2011/06/01 02:20:02,999999999,インポート可,在庫数によらず注文を受ける
007409,ブルーベリー,果物,480,2011/06/01 02:20:02,999999999,インポート可,在庫数によらず注文を受ける
007410,カット マンゴ,果物,599,2011/06/01 02:20:02,999999999,インポート可,在庫数によらず注文を受ける
007411,小松菜カット,野菜,452,2011/06/01 02:20:02,999999996,インポート可,在庫数によらず注文を受ける
007412,インゲン,野菜,357,2011/06/01 02:20:02,999999998,インポート可,在庫数によらず注文を受ける
007413,ブロッコリー,野菜,347,2011/06/01 02:20:02,999999999,インポート可,在庫数によらず注文を受ける
007414,そのまま黒えだ豆,野菜,494,2011/06/01 02:20:02,999999999,インポート可,在庫数によらず注文を受ける
007415,里芋,野菜,623,2011/06/01 02:20:02,999999999,インポート可,在庫数によらず注文を受ける
007416,栗かぼちゃ,野菜,273,2011/06/01 02:20:02,999999998,インポート可,在庫数によらず注文を受ける
007417,カット揚げなす,野菜,420,2011/06/01 02:20:02,999999999,インポート可,在庫数によらず注文を受ける
007418,大和芋 とろろ,野菜,617,2011/06/01 02:20:02,999999998,インポート可,在庫数によらず注文を受ける
007419,北海道まるごと野菜ミックス,野菜,263,2011/06/01 02:20:02,999999996,インポート可,在庫数によらず注文を受ける
007420,北海道ホールコーン,野菜,200,2011/06/01 02:20:02,999999999,インポート可,在庫数によらず注文を受ける
007421,オニオンソテー,野菜,399,2011/06/01 02:20:02,999999999,インポート可,在庫数によらず注文を受ける
007422,ポテトサラダベース,野菜,427,2011/06/01 02:20:02,999999999,インポート可,在庫数によらず注文を受ける
007423,ささがきごぼう,野菜,399,2011/06/01 02:20:02,999999996,インポート可,在庫数によらず注文を受ける
007424,和風野菜ミックス,野菜,452,2011/06/01 02:20:02,999999999,インポート可,在庫数によらず注文を受ける
007425,大根おろし,野菜,294,2011/06/01 02:20:02,999999998,インポート可,在庫数によらず注文を受ける
007426,乾燥スライスにんにく,野菜,210,2011/06/01 02:20:02,999999999,インポート可,在庫数によらず注文を受ける
007427,さばの赤みそ煮,介護食,221,2011/06/01 02:20:02,999999999,インポート可,在庫数によらず注文を受ける
007428,タラと里芋の煮物,介護食,221,2011/06/01 02:20:02,999999998,インポート可,在庫数によらず注文を受ける
007429,鮭のクリーム煮,介護食,242,2011/06/01 02:20:02,999999999,インポート可,在庫数によらず注文を受ける
007430,牛肉の柳川風,介護食,221,2011/06/01 02:20:02,999999999,インポート可,在庫数によらず注文を受ける
007431,鶏肉の甘煮,介護食,221,2011/06/01 02:20:02,999999999,インポート可,在庫数によらず注文を受ける
007432,豆腐の中華五目煮,介護食,221,2011/06/01 02:20:02,999999998,インポート可,在庫数によらず注文を受ける
007433,里芋と大根のゆず風味煮,介護食,221,2011/06/01 02:20:02,999999998,インポート可,在庫数によらず注文を受ける
007434,人参・ごぼうと里芋の白和え,介護食,231,2011/06/01 02:20:02,999999998,インポート可,在庫数によらず注文を受ける
007435,ほうれん草の白和え,介護食,210,2011/06/01 02:20:02,999999999,インポート可,在庫数によらず注文を受ける
007436,白玉ぜんざい（こしあんタイプ）,介護食,315,2011/06/01 02:20:02,999999999,インポート可,在庫数によらず注文を受ける
007437,みたらし団子,介護食,221,2011/06/01 02:20:02,999999999,インポート可,在庫数によらず注文を受ける
007438,すりおろしりんごとはちみつゼリー,介護食,221,2011/06/01 02:20:02,999999998,インポート可,在庫数によらず注文を受ける
007439,カットバター,米・乾物・調味料ほか,1344,2011/06/01 02:20:02,999999999,インポート可,在庫数によらず注文を受ける
007440,オリゴ糖,米・乾物・調味料ほか,525,2011/06/01 02:20:02,999999999,インポート可,在庫数によらず注文を受ける
007441,ｵｰｶﾞﾆｯｸEXバージンオリーブオイル,米・乾物・調味料ほか,1103,2011/06/01 02:20:02,999999999,インポート可,在庫数によらず注文を受ける
007442,ゆずたまねぎドレッシング,米・乾物・調味料ほか,410,2011/06/01 02:20:02,999999998,インポート可,在庫数によらず注文を受ける
007443,馬路村ゆずドレッシング（醤油）,米・乾物・調味料ほか,326,2011/06/01 02:20:02,999999999,インポート可,在庫数によらず注文を受ける
007444,アカシア はちみつ,米・乾物・調味料ほか,882,2011/06/01 02:20:02,999999998,インポート可,在庫数によらず注文を受ける
007445,万能！旨いラー油,米・乾物・調味料ほか,567,2011/06/01 02:20:02,999999999,インポート可,在庫数によらず注文を受ける
007446,天外天 味噌,米・乾物・調味料ほか,688,2011/06/01 02:20:02,999999999,インポート可,在庫数によらず注文を受ける
007447,天外天 塩,米・乾物・調味料ほか,336,2011/06/01 02:20:02,999999999,インポート可,在庫数によらず注文を受ける
007448,まちこがれ,米・乾物・調味料ほか,3266,2011/06/01 02:20:02,999999999,インポート可,在庫数によらず注文を受ける
007449,新潟産こしひかり（特別栽培米）,米・乾物・調味料ほか,1155,2011/06/01 02:20:02,999999999,インポート可,在庫数によらず注文を受ける
007450,椎茸どんこ,米・乾物・調味料ほか,966,2011/06/01 02:20:02,999999999,インポート可,在庫数によらず注文を受ける
007451,日高昆布,米・乾物・調味料ほか,294,2011/06/01 02:20:02,999999999,インポート可,在庫数によらず注文を受ける
007452,カットわかめ(乾燥）,米・乾物・調味料ほか,434,2011/06/01 02:20:02,220,インポート可,在庫がないと注文できない
007453,おかか,米・乾物・調味料ほか,263,2011/06/01 02:20:02,999999999,インポート可,在庫数によらず注文を受ける
007454,和風だしの素（化学調味料無し）,米・乾物・調味料ほか,315,2011/06/01 02:20:02,999999999,インポート可,在庫数によらず注文を受ける
007455,ゆず漬けの素,米・乾物・調味料ほか,189,2011/06/01 02:20:02,999999999,インポート可,在庫数によらず注文を受ける
007456,レトルト コーンスープ,米・乾物・調味料ほか,986,2011/06/01 02:20:02,999999999,インポート可,在庫数によらず注文を受ける
007457,ブルマンブレンド コーヒー（粉）,米・乾物・調味料ほか,893,2011/06/01 02:20:02,999999999,インポート可,在庫数によらず注文を受ける
007458,遠藤青汁,健康食品,3528,2011/06/01 02:20:02,999999999,インポート可,在庫数によらず注文を受ける
007459,ふる里の香 （煎茶）,米・乾物・調味料ほか,544,2011/06/01 02:20:02,999999999,インポート可,在庫数によらず注文を受ける
007460,深海の恵み（海洋深層水）,米・乾物・調味料ほか,1764,2011/06/01 02:20:02,999999999,インポート可,在庫数によらず注文を受ける
007461,りんごジュース（箱）,米・乾物・調味料ほか,4095,2011/06/01 02:20:02,999999999,インポート可,在庫数によらず注文を受ける
007462,りんごジュース,米・乾物・調味料ほか,389,2011/06/01 02:20:02,999999999,インポート可,在庫数によらず注文を受ける
